rank_indice_7i_lavoro_pesato_copertura,comune,provincia,regione,indice_7i_lavoro_pesato_copertura_base100,docente_delta_italia_punti,eduscopio_rel_punti_uni_only,eduscopio_rel_punti_lavoro_only,quota_diplomati_con_esiti_lavoro_pct,esiti_lavoro_delta_pesato_copertura_punti,immatricolazione_delta_naz_punti,continuita_uni_delta_naz_punti,peso_diplomati_eduscopio,indice_affidabilita_score,indice_unico_6i_base100
1.0,FOSSANO,CUNEO,Piemonte,119.52,32.25,17.0375,27.9328,65.69,18.3491,-0.5386,4.8952,478.0,85.68,123.73
2.0,MERATE,LECCO,Lombardia,115.11,29.5,11.1435,5.8813,49.24,2.896,0.6092,5.3212,396.0,87.0,118.09
3.0,THIENE,VICENZA,Veneto,114.55,25.25,12.5839,13.2697,58.8,7.8026,0.8934,4.4182,483.0,89.64,117.08
4.0,SONDRIO,SONDRIO,Lombardia,113.95,20.75,17.9495,6.3685,66.18,4.2147,-2.3461,2.1338,550.0,88.23,113.75
5.0,DESIO,MONZA E DELLA BRIANZA,Lombardia,113.73,34.75,2.7027,23.1894,24.81,5.7533,-0.8581,1.2908,387.0,83.33,118.58
6.0,PRESEZZO,BERGAMO,Lombardia,113.6,21.0,12.8983,12.3369,41.94,5.1741,4.2671,7.9583,360.0,92.0,115.58
7.0,CASTELLANA GROTTE,BARI,Puglia,113.3,18.25,9.8336,1.4939,100.0,1.4939,16.9571,16.2433,374.0,93.47,112.68
8.0,CUNEO,CUNEO,Piemonte,112.96,14.25,17.8402,15.4133,50.78,7.8269,1.9076,7.5111,1030.0,94.25,113.68
9.0,MONTEBELLUNA,TREVISO,Veneto,111.61,20.0,10.9859,9.1236,45.92,4.1896,-0.7748,4.2304,612.0,90.21,113.41
10.0,VILLORBA,TREVISO,Veneto,111.47,12.0,10.191,20.7673,89.76,18.6407,8.4889,9.9088,410.0,93.73,113.66
11.0,RIVA DEL GARDA,TRENTO,Trentino-Alto Adige,111.22,23.0,7.8714,1.1991,38.27,0.4589,0.2977,3.3814,243.0,90.66,113.77
12.0,CITTADELLA,PADOVA,Veneto,111.1,20.75,6.8879,16.3544,54.76,8.9557,1.8677,3.4038,473.0,90.74,114.14
13.0,LONATO DEL GARDA,BRESCIA,Lombardia,111.06,21.75,5.1327,19.5039,88.58,17.2766,0.1589,-0.9423,219.0,88.14,114.74
14.0,BASSANO DEL GRAPPA,VICENZA,Veneto,110.68,18.5,8.1548,12.1107,57.03,6.9067,2.1894,4.3722,1352.0,92.72,112.69
15.0,VICENZA,VICENZA,Veneto,110.58,15.75,8.72,9.1045,48.5,4.4157,7.5336,8.1662,2167.0,95.99,111.38
16.0,BUSNAGO,MONZA E DELLA BRIANZA,Lombardia,110.54,32.5,-3.6147,,0.0,0.0,0.4464,3.8838,18.0,45.54,113.04
17.0,LOVERE,BERGAMO,Lombardia,110.49,21.5,7.1179,11.7597,44.84,5.273,-1.2839,0.7653,281.0,88.71,113.0
18.0,RIVAROLO CANAVESE,TORINO,Piemonte,110.44,25.5,1.4517,25.2269,38.76,9.7779,-1.8226,2.1477,178.0,84.03,114.23
19.0,SAN BONIFACIO,VERONA,Veneto,110.38,23.0,3.8851,13.9086,40.82,5.6775,1.8864,2.1853,414.0,90.09,113.03
20.0,PORDENONE,PORDENONE,Friuli-Venezia Giulia,110.22,15.75,9.4978,5.9886,52.96,3.1716,3.7908,6.8344,1218.0,94.0,111.0
21.0,CONEGLIANO,TREVISO,Veneto,110.19,11.75,10.3271,14.4734,70.35,10.182,5.8327,8.5773,951.0,96.19,111.38
22.0,VILLAFRANCA DI VERONA,VERONA,Veneto,110.17,18.5,8.1261,12.497,25.65,3.2055,1.399,3.9421,308.0,91.34,112.63
23.0,BRENO,BRESCIA,Lombardia,109.96,11.5,12.3688,7.1056,44.97,3.1954,6.4954,6.3434,318.0,97.16,110.38
24.0,MIRANO,VENEZIA,Veneto,109.85,18.0,7.6986,14.7586,60.69,8.957,-1.8234,1.4229,697.0,88.76,112.54
25.0,CLES,TRENTO,Trentino-Alto Adige,109.82,19.25,8.0905,12.1399,43.4,5.2687,-2.3695,-0.363,288.0,89.77,112.42
26.0,DALMINE,BERGAMO,Lombardia,109.73,20.0,5.0972,14.4595,77.92,11.2668,-2.3307,0.5317,394.0,88.54,112.71
27.0,LECCO,LECCO,Lombardia,109.71,16.25,7.0851,9.8158,48.38,4.7489,4.1952,6.4736,1205.0,94.18,110.88
28.0,BERGAMO,BERGAMO,Lombardia,109.7,16.5,7.3931,8.1345,47.84,3.8915,4.535,4.9859,3560.0,94.38,111.04
29.0,CESANO MADERNO,MONZA E DELLA BRIANZA,Lombardia,109.61,21.75,2.346,8.8201,46.86,4.1331,4.0627,3.586,350.0,90.97,112.53
30.0,BUSTO ARSIZIO,VARESE,Lombardia,109.6,11.75,9.6122,5.5086,47.05,2.5918,8.2506,10.4252,1358.0,96.37,109.57
31.0,VITTORIO VENETO,TREVISO,Veneto,109.53,12.25,12.5762,14.7392,58.14,8.5694,-2.0307,1.9001,528.0,92.9,111.62
32.0,SCHIO,VICENZA,Veneto,109.41,14.25,9.0872,13.9525,55.33,7.7199,0.8752,3.7976,994.0,94.35,110.96
33.0,LISSONE,MONZA E DELLA BRIANZA,Lombardia,109.37,15.0,7.2785,-0.3713,65.66,-0.2438,5.8114,10.1939,332.0,92.18,108.31
34.0,MOGLIANO VENETO,TREVISO,Veneto,109.2,24.0,0.2682,11.7321,10.77,1.2635,3.4586,2.2915,260.0,90.14,111.76
35.0,VALDAGNO,VICENZA,Veneto,109.08,12.5,11.9001,14.5002,61.24,8.8799,-2.7002,-0.765,307.0,92.15,111.06
36.0,MORBEGNO,SONDRIO,Lombardia,109.04,12.0,15.0211,10.2623,60.7,6.2292,-7.8702,-2.5529,229.0,87.98,109.55
37.0,ADRO,BRESCIA,Lombardia,109.03,30.75,-4.1662,,0.0,0.0,-0.2977,-2.4632,59.0,59.94,111.93
38.0,TRENTO,TRENTO,Trentino-Alto Adige,109.02,17.0,6.3522,11.5237,33.33,3.8408,1.2878,3.3,1275.0,92.72,110.87
39.0,ROVIGO,ROVIGO,Veneto,108.99,11.5,7.8534,9.1132,56.73,5.1699,7.6268,9.3721,691.0,97.96,109.36
40.0,SAN LAZZARO DI SAVENA,BOLOGNA,Emilia-Romagna,108.92,16.0,2.8911,17.6951,58.68,10.3835,5.1148,7.5581,409.0,94.69,110.95
41.0,FELTRE,BELLUNO,Veneto,108.88,13.0,9.9459,9.4379,61.89,5.8411,-0.1464,2.8312,370.0,92.52,110.2
42.0,ESTE,PADOVA,Veneto,108.76,13.0,5.9082,8.0131,61.87,4.9577,7.7888,8.7187,493.0,96.66,109.84
42.0,BELLUNO,BELLUNO,Veneto,108.76,11.75,10.4348,11.2043,49.92,5.5932,0.1643,4.1565,609.0,95.15,109.67
44.0,MONSELICE,PADOVA,Veneto,108.71,14.5,6.34,7.8769,71.06,5.5973,2.635,5.8812,311.0,94.59,109.48
45.0,ARZIGNANO,VICENZA,Veneto,108.7,17.0,6.6884,15.3744,45.07,6.9292,-2.8254,-0.0572,304.0,90.76,111.65
46.0,UDINE,UDINE,Friuli-Venezia Giulia,108.69,15.75,4.2372,8.3452,52.54,4.3846,5.6531,6.8661,2320.0,95.05,110.14
47.0,URBINO,PESARO E URBINO,Marche,108.47,12.5,5.3576,13.8157,49.89,6.8927,6.5813,8.683,439.0,96.77,109.33
48.0,PADOVA,PADOVA,Veneto,108.34,13.0,5.3508,10.1744,49.33,5.019,6.4534,7.7366,3586.0,96.61,109.45
48.0,CIAMPINO,ROMA,Lazio,108.34,16.5,6.3791,-11.3607,16.57,-1.8825,2.2174,2.9609,332.0,94.24,110.46
50.0,SALUZZO,CUNEO,Piemonte,108.27,11.25,9.4782,12.7069,38.89,4.9417,0.2745,4.9441,486.0,95.57,109.48
51.0,CALCINATE,BERGAMO,Lombardia,108.16,20.5,0.2271,,0.0,0.0,4.8459,4.201,73.0,70.88,109.81
52.0,CARATE BRIANZA,MONZA E DELLA BRIANZA,Lombardia,108.1,19.25,2.5804,18.2776,39.93,7.2982,-1.9509,-0.7316,298.0,87.81,111.76
53.0,TREVISO,TREVISO,Veneto,108.08,13.0,7.0207,9.7614,47.37,4.624,2.0921,4.035,2246.0,95.24,109.36
54.0,JESI,ANCONA,Marche,107.99,6.5,8.8598,7.364,42.08,3.0988,10.1428,12.9405,732.0,96.35,108.18
55.0,TRESCORE BALNEARIO,BERGAMO,Lombardia,107.9,9.25,11.4143,9.0007,40.32,3.6291,0.5282,2.473,434.0,94.33,108.64
56.0,CESENA,FORLI'-CESENA,Emilia-Romagna,107.87,8.25,9.351,13.0827,49.63,6.4929,3.5314,7.0423,1479.0,96.31,108.52
57.0,CASTELFRANCO VENETO,TREVISO,Veneto,107.83,5.0,12.0804,12.7872,80.41,10.2822,2.2658,5.9301,1164.0,94.96,107.72
58.0,VERONA,VERONA,Veneto,107.55,14.5,4.7858,10.9331,46.24,5.0555,1.3878,1.5836,3843.0,94.55,109.66
59.0,PIOVE DI SACCO,PADOVA,Veneto,107.52,15.5,5.2987,8.3238,58.21,4.8453,-2.6919,0.213,390.0,91.21,109.84
60.0,RAVENNA,RAVENNA,Emilia-Romagna,107.44,11.75,6.2842,8.7162,46.57,4.0591,2.6361,4.5524,1153.0,95.59,108.45
61.0,DOLO,VENEZIA,Veneto,107.41,5.5,10.6416,11.2356,52.85,5.938,3.226,8.4389,456.0,96.48,107.86
62.0,MACERATA,MACERATA,Marche,107.34,10.0,5.5762,1.4627,53.38,0.7808,8.6202,9.4835,783.0,94.92,106.99
63.0,BRESCIA,BRESCIA,Lombardia,107.31,14.0,4.0027,9.3544,45.13,4.2216,2.902,2.918,3667.0,95.25,108.8
64.0,MANTOVA,MANTOVA,Lombardia,107.27,10.0,6.1959,9.22,50.64,4.669,4.8996,6.4125,1248.0,97.7,107.91
65.0,CORREGGIO,REGGIO EMILIA,Emilia-Romagna,107.19,9.75,6.2233,9.7512,55.22,5.3846,3.7116,6.901,402.0,97.02,108.27
66.0,TRADATE,VARESE,Lombardia,106.88,12.5,5.6104,1.2869,55.34,0.7122,1.5457,3.1304,618.0,95.02,107.42
67.0,FINALE EMILIA,MODENA,Emilia-Romagna,106.79,18.5,2.0687,0.6364,39.69,0.2526,-2.7647,-1.5483,320.0,89.53,108.97
68.0,LODI,LODI,Lombardia,106.78,12.0,4.1869,7.7791,48.88,3.8024,2.9921,4.3906,937.0,95.76,108.08
69.0,PARABIAGO,MILANO,Lombardia,106.77,12.75,2.2286,7.87,42.52,3.3463,5.8698,6.0489,381.0,95.75,108.13
70.0,BORGOMANERO,NOVARA,Piemonte,106.75,12.0,2.8215,13.1746,60.31,7.9456,4.0338,3.6476,325.0,96.38,110.19
71.0,ERBA,COMO,Lombardia,106.74,16.75,3.1642,4.0479,35.88,1.4524,-1.9122,-1.8221,354.0,91.5,109.26
72.0,PARMA,PARMA,Emilia-Romagna,106.73,10.5,2.7179,8.5499,42.48,3.632,8.4897,8.9217,2354.0,97.33,107.57
73.0,VERBANIA,VERBANO-CUSIO-OSSOLA,Piemonte,106.55,12.0,6.0554,5.9523,53.89,3.2077,-1.1859,0.238,527.0,93.09,107.03
74.0,GORLA MINORE,VARESE,Lombardia,106.51,24.75,-9.0366,,0.0,0.0,6.5184,3.572,14.0,44.98,107.72
75.0,RICCIONE,RIMINI,Emilia-Romagna,106.5,10.75,5.3344,21.2476,44.05,9.3596,-0.5488,-0.14,311.0,95.14,110.34
76.0,MONZA,MONZA E DELLA BRIANZA,Lombardia,106.46,12.25,3.1139,3.8569,38.99,1.5038,4.0973,5.2129,2093.0,96.02,107.61
77.0,MONCALIERI,TORINO,Piemonte,106.41,13.25,0.4247,11.2024,58.24,6.5243,3.7597,5.9575,546.0,93.44,108.44
78.0,OSIMO,ANCONA,Marche,106.4,3.75,8.9226,8.2754,44.7,3.6991,7.2928,8.7028,217.0,97.76,106.05
79.0,SAN VITO AL TAGLIAMENTO,PORDENONE,Friuli-Venezia Giulia,106.37,9.5,4.9593,8.8146,50.0,4.4073,3.0849,5.5601,268.0,96.25,107.99
80.0,IMOLA,BOLOGNA,Emilia-Romagna,106.32,10.5,3.4282,9.8567,58.58,5.7741,3.683,4.9972,833.0,93.93,107.83
81.0,VIMERCATE,MONZA E DELLA BRIANZA,Lombardia,106.04,12.25,4.3407,5.2984,54.78,2.9025,-1.0566,0.5056,617.0,93.57,107.66
82.0,MODENA,MODENA,Emilia-Romagna,105.92,11.25,1.2612,4.1956,51.59,2.1645,6.5505,6.6961,2607.0,95.44,106.52
83.0,ROVERETO,TRENTO,Trentino-Alto Adige,105.82,13.0,3.4248,4.5563,56.18,2.5597,-2.0978,0.2531,744.0,91.07,107.33
84.0,SEREGNO,MONZA E DELLA BRIANZA,Lombardia,105.58,13.25,1.8447,2.1011,47.86,1.0056,0.535,1.4709,585.0,94.24,107.39
85.0,VIGNOLA,MODENA,Emilia-Romagna,105.57,10.0,3.2613,12.445,50.78,6.3196,0.9095,2.0725,510.0,93.67,107.93
86.0,ROMANO DI LOMBARDIA,BERGAMO,Lombardia,105.5,6.5,7.3373,1.7895,24.93,0.4461,2.0035,4.1318,353.0,96.73,105.8
87.0,PAVIA,PAVIA,Lombardia,105.46,7.25,4.4508,4.5103,46.42,2.0937,5.7511,5.8122,1590.0,97.73,105.57
88.0,GEMONA DEL FRIULI,UDINE,Friuli-Venezia Giulia,105.4,2.75,7.9726,6.2658,77.14,4.8334,4.4843,7.168,210.0,93.81,104.7
89.0,TRIESTE,TRIESTE,Friuli-Venezia Giulia,105.32,9.5,3.7008,-1.5601,39.89,-0.6223,2.8555,4.8089,1296.0,96.18,105.59
90.0,SARONNO,VARESE,Lombardia,105.31,10.25,2.4758,9.4206,53.25,5.0165,1.6487,1.859,1076.0,95.91,107.28
91.0,CODOGNO,LODI,Lombardia,105.18,9.0,4.7489,7.3597,61.82,4.5498,-1.2735,0.4404,351.0,93.56,106.82
92.0,SAVIGLIANO,CUNEO,Piemonte,105.15,4.75,6.9314,8.0208,70.99,5.694,0.3713,4.5182,262.0,92.98,105.36
93.0,RECANATI,MACERATA,Marche,104.98,6.5,2.5347,7.4879,38.46,2.8798,6.857,8.4182,364.0,95.83,105.81
94.0,ALBA,CUNEO,Piemonte,104.97,3.75,8.1425,16.5211,51.36,8.4852,-2.3106,1.8684,810.0,94.39,106.41
95.0,BORGOSESIA,VERCELLI,Piemonte,104.88,2.5,5.5652,19.9706,52.53,10.4906,4.4204,5.6711,158.0,89.2,106.66
96.0,SACILE,PORDENONE,Friuli-Venezia Giulia,104.78,5.5,5.2979,13.6445,46.26,6.3119,0.1987,3.498,281.0,95.44,106.25
97.0,CREMA,CREMONA,Lombardia,104.68,10.25,2.4974,9.009,52.92,4.7676,-1.5611,-1.0034,1198.0,94.12,106.52
98.0,LONIGO,VICENZA,Veneto,104.67,-4.5,11.7626,8.4587,100.0,8.4587,5.0593,7.8052,314.0,87.59,103.14
99.0,CORSICO,MILANO,Lombardia,104.6,17.5,-4.0238,11.5432,39.47,4.5561,-2.7042,-3.0633,337.0,89.62,107.56
100.0,ALBENGA,SAVONA,Liguria,104.59,18.75,-2.6264,-6.5486,17.54,-1.1486,-2.9739,-6.4503,285.0,87.93,106.65
101.0,MEDA,MONZA E DELLA BRIANZA,Lombardia,104.58,-1.0,9.4104,0.4656,49.86,0.2321,6.9045,9.255,353.0,93.42,102.47
102.0,MERCATO SAN SEVERINO,SALERNO,Campania,104.52,6.75,3.1189,-15.7267,13.29,-2.0901,5.7017,7.0494,173.0,91.49,103.88
103.0,AREZZO,AREZZO,Toscana,104.5,4.5,3.7059,9.0701,47.46,4.3047,6.0565,5.9674,1121.0,99.27,104.7
104.0,DESENZANO DEL GARDA,BRESCIA,Lombardia,104.49,7.0,6.5843,5.9113,46.81,2.7671,-2.2858,-3.1386,376.0,94.4,105.46
105.0,MAGENTA,MILANO,Lombardia,104.42,9.5,1.0882,5.9944,21.9,1.3128,2.6461,3.1739,525.0,95.25,105.58
106.0,ALBANO LAZIALE,ROMA,Lazio,104.41,19.0,-5.1566,,0.0,0.0,-2.8557,-1.5124,186.0,82.2,105.94
107.0,FAENZA,RAVENNA,Emilia-Romagna,104.4,7.5,2.9375,11.1011,64.0,7.1047,-1.7954,2.1876,700.0,94.01,106.62
108.0,FANO,PESARO E URBINO,Marche,104.32,8.75,0.8536,10.9963,36.41,4.0038,2.6153,2.9578,629.0,96.68,105.85
109.0,NICOTERA,VIBO VALENTIA,Calabria,104.31,32.0,-14.9205,-18.8776,48.65,-9.184,-1.4877,-6.0544,74.0,51.83,106.67
110.0,CHIARI,BRESCIA,Lombardia,104.3,9.5,2.5201,10.1774,88.26,8.9826,-4.1898,-3.9061,281.0,91.66,106.43
111.0,RIMINI,RIMINI,Emilia-Romagna,104.27,6.0,3.7554,11.1793,46.1,5.1537,0.6095,2.7722,1681.0,97.11,105.46
112.0,BOLOGNA,BOLOGNA,Emilia-Romagna,104.26,9.5,0.6385,9.3765,36.13,3.3877,1.0219,2.7183,3750.0,96.16,105.52
113.0,GORIZIA,GORIZIA,Friuli-Venezia Giulia,104.21,9.0,1.8179,5.059,49.1,2.484,0.5464,1.2157,499.0,94.95,105.55
114.0,SESTO FIORENTINO,FIRENZE,Toscana,104.17,9.75,0.6225,-0.2385,22.68,-0.0541,2.9623,2.458,410.0,94.57,104.9
115.0,REMEDELLO,BRESCIA,Lombardia,104.15,13.25,-1.6366,10.2274,88.51,9.0523,-0.8916,-7.278,87.0,73.66,109.86
116.0,GALLARATE,VARESE,Lombardia,104.1,8.0,2.837,6.8819,63.83,4.3927,-1.6663,0.3148,940.0,94.72,105.5
117.0,ASTI,ASTI,Piemonte,104.06,4.5,4.0091,10.8412,55.67,6.0353,1.1,3.6688,891.0,97.45,105.26
118.0,PIACENZA,PIACENZA,Emilia-Romagna,103.98,4.5,3.289,14.0609,46.4,6.5243,2.6278,3.4064,1681.0,97.9,104.94
118.0,PISTOIA,PISTOIA,Toscana,103.98,2.75,4.9195,8.9341,42.05,3.7568,4.1484,5.0238,1101.0,95.38,104.13
120.0,IVREA,TORINO,Piemonte,103.97,7.5,2.1947,7.7063,39.04,3.0085,0.3566,2.4287,794.0,96.5,105.37
121.0,FERMO,FERMO,Marche,103.96,5.25,1.8246,-1.1549,51.77,-0.5979,7.2278,8.2268,962.0,96.75,103.15
122.0,LEGNANO,MILANO,Lombardia,103.95,10.75,-2.4511,8.8102,49.31,4.3443,3.1455,2.9736,722.0,95.55,106.11
123.0,FIDENZA,PARMA,Emilia-Romagna,103.86,11.5,-1.7499,12.043,58.56,7.0524,-2.2256,-0.3691,374.0,90.32,106.52
124.0,ADRIA,ROVIGO,Veneto,103.85,1.25,4.7756,9.6196,67.89,6.5307,3.3162,7.5511,492.0,93.52,104.05
124.0,VIGEVANO,PAVIA,Lombardia,103.85,7.5,0.9526,5.303,55.09,2.9214,2.9761,3.0182,501.0,97.42,104.51
126.0,GRUGLIASCO,TORINO,Piemonte,103.84,10.5,-2.2996,6.2186,62.97,3.9159,3.1546,2.6123,451.0,95.28,105.8
127.0,ANCONA,ANCONA,Marche,103.83,3.0,4.4819,0.2279,46.9,0.1069,5.6159,6.3781,1096.0,96.28,103.2
128.0,BIELLA,BIELLA,Piemonte,103.82,7.75,2.1775,8.7177,47.57,4.147,-0.6371,-0.0325,883.0,95.74,105.52
129.0,COMO,COMO,Lombardia,103.8,8.75,2.5366,3.4198,55.03,1.8819,-2.844,-0.575,1739.0,93.89,104.97
130.0,CIVIDALE DEL FRIULI,UDINE,Friuli-Venezia Giulia,103.79,4.25,2.7555,17.4317,76.42,13.3213,-1.0646,1.1731,212.0,91.29,106.97
131.0,SIENA,SIENA,Toscana,103.75,2.25,4.5689,6.0985,50.68,3.0907,4.2754,6.3159,957.0,97.96,103.79
132.0,ABANO TERME,PADOVA,Veneto,103.66,5.25,0.031,11.4022,80.15,9.1389,3.1631,5.7651,267.0,93.7,106.74
132.0,VARESE,VARESE,Lombardia,103.66,7.25,2.6311,1.0489,40.3,0.4227,0.3182,1.3166,1258.0,96.39,104.52
134.0,LEGNAGO,VERONA,Veneto,103.64,4.25,3.4945,6.4791,60.3,3.9069,2.3222,3.1099,670.0,96.89,103.8
135.0,TOLMEZZO,UDINE,Friuli-Venezia Giulia,103.62,7.25,2.6237,5.5996,60.87,3.4085,-1.8338,0.1019,276.0,92.9,104.93
136.0,CASALE MONFERRATO,ALESSANDRIA,Piemonte,103.51,10.0,0.3514,11.1979,35.4,3.9641,-1.9431,-3.1878,548.0,93.67,104.94
137.0,CHIERI,TORINO,Piemonte,103.5,6.25,2.0611,-3.765,44.66,-1.6814,3.285,4.3024,412.0,96.18,102.94
138.0,OVADA,ALESSANDRIA,Piemonte,103.46,6.0,1.6318,11.9983,44.92,5.3896,1.1896,1.317,118.0,80.79,105.65
139.0,CIVITANOVA MARCHE,MACERATA,Marche,103.4,8.25,-0.1577,2.7478,30.72,0.8441,2.2974,2.5553,485.0,96.0,103.93
140.0,LUGO,RAVENNA,Emilia-Romagna,103.38,-0.5,6.3168,12.2851,50.0,6.1425,1.8395,5.4106,478.0,91.79,103.76
140.0,ASCOLI PICENO,ASCOLI PICENO,Marche,103.38,2.0,2.0952,3.3894,61.66,2.0899,8.5926,8.7629,819.0,97.11,103.03
142.0,MONTAGNANA,PADOVA,Veneto,103.24,5.5,0.2868,13.7965,58.43,8.0613,2.1797,1.9011,166.0,92.5,106.23
143.0,CARPI,MODENA,Emilia-Romagna,103.17,2.5,3.9316,12.0937,52.96,6.4048,0.656,2.1308,710.0,91.87,104.37
144.0,CAMPOBASSO,CAMPOBASSO,Molise,103.13,2.25,3.9127,-8.5095,55.36,-4.7109,6.282,8.1131,728.0,96.87,101.43
145.0,VOGHERA,PAVIA,Lombardia,103.09,4.75,1.0585,5.4307,54.34,2.951,3.9244,3.6916,565.0,97.65,103.19
146.0,TREVIGLIO,BERGAMO,Lombardia,103.08,7.25,0.5167,7.3299,55.2,4.0461,0.1877,-0.5813,913.0,96.54,104.25
147.0,ODERZO,TREVISO,Veneto,103.05,3.5,4.4544,10.3479,68.15,7.0521,-3.4396,-0.9858,314.0,93.94,104.05
148.0,LUINO,VARESE,Lombardia,103.04,10.0,4.0401,-10.2862,36.83,-3.7884,-8.3497,-6.6516,315.0,88.76,103.65
149.0,ARONA,NOVARA,Piemonte,103.03,11.0,-1.508,0.8598,24.75,0.2128,-0.9684,-2.1256,202.0,93.18,104.33
150.0,MATERA,MATERA,Basilicata,102.96,0.0,5.0983,0.5053,52.27,0.2641,5.3044,6.2072,1035.0,96.32,101.86
150.0,PORTOGRUARO,VENEZIA,Veneto,102.96,7.25,0.061,11.3675,46.67,5.3052,-1.9851,0.6979,660.0,95.49,104.51
152.0,CONVERSANO,BARI,Puglia,102.91,15.75,-5.6156,-26.8369,8.86,-2.3777,-1.2377,-2.7068,429.0,86.18,103.59
153.0,CREMONA,CREMONA,Lombardia,102.84,4.0,1.9207,8.1102,51.35,4.1646,2.0494,1.4359,1410.0,97.31,103.63
154.0,FERRARA,FERRARA,Emilia-Romagna,102.77,-0.75,3.5761,7.8561,46.79,3.6759,6.0288,8.0646,1699.0,95.23,102.73
155.0,SAN BENEDETTO DEL TRONTO,ASCOLI PICENO,Marche,102.73,-1.25,4.3883,6.4349,45.75,2.944,5.5383,7.8807,682.0,96.06,102.3
156.0,CHIVASSO,TORINO,Piemonte,102.71,11.5,-4.0393,5.1342,39.56,2.0311,-0.4607,-0.5609,412.0,93.67,104.9
157.0,RHO,MILANO,Lombardia,102.7,7.0,-0.397,6.0547,65.2,3.9477,-0.3356,0.2684,816.0,96.77,104.35
158.0,OMEGNA,VERBANO-CUSIO-OSSOLA,Piemonte,102.64,-3.75,11.7034,7.971,55.09,4.3912,-4.4144,-1.456,167.0,85.32,101.98
159.0,ANDRIA,BARLETTA-ANDRIA-TRANI,Puglia,102.45,-3.5,8.978,-2.813,61.04,-1.7171,2.109,4.9374,865.0,93.17,99.88
160.0,VENEZIA,VENEZIA,Veneto,102.43,5.5,0.5772,10.8864,50.92,5.5434,-1.8112,-0.6949,2225.0,96.16,103.73
161.0,PINEROLO,TORINO,Piemonte,102.39,2.0,3.0785,7.8511,44.58,3.5,0.0621,2.5522,1043.0,98.25,103.09
162.0,BARLETTA,BARLETTA-ANDRIA-TRANI,Puglia,102.38,1.0,4.308,-9.4057,44.47,-4.1827,4.5764,4.8186,868.0,97.23,100.43
163.0,NOVARA,NOVARA,Piemonte,102.2,1.5,2.4914,7.371,53.25,3.9251,2.1193,1.9496,1444.0,97.42,102.58
164.0,CHIAVARI,GENOVA,Liguria,101.91,5.25,-0.2018,1.3353,31.41,0.4194,2.2188,-1.1753,468.0,91.02,102.5
165.0,MAGLIE,LECCE,Puglia,101.85,5.75,-0.0101,-7.0952,48.41,-3.4348,1.2632,0.536,1006.0,95.7,101.85
166.0,MELEGNANO,MILANO,Lombardia,101.83,6.5,-2.8301,12.1454,49.45,6.0059,-0.1372,-0.4366,182.0,94.9,103.83
167.0,CASALECCHIO DI RENO,BOLOGNA,Emilia-Romagna,101.77,-1.25,3.042,10.1982,60.36,6.1556,1.602,3.6209,550.0,95.37,102.42
168.0,PERUGIA,PERUGIA,Umbria,101.72,4.75,-1.2114,1.9272,36.75,0.7082,2.442,1.6839,1758.0,97.8,102.36
169.0,VASTO,CHIETI,Abruzzo,101.7,6.0,-2.617,-6.6528,43.6,-2.9006,3.0937,4.9819,633.0,93.9,101.51
169.0,CERNUSCO SUL NAVIGLIO,MILANO,Lombardia,101.7,3.0,-0.5368,10.5624,71.01,7.5004,0.8098,0.095,414.0,97.39,103.16
171.0,PRATO,PRATO,Toscana,101.66,-2.0,2.0381,12.1349,50.33,6.1075,4.7726,5.5461,1683.0,89.21,101.53
172.0,PESARO,PESARO E URBINO,Marche,101.65,-2.5,3.6926,6.1888,46.48,2.8766,4.6255,4.8358,1280.0,93.34,101.24
173.0,DOMODOSSOLA,VERBANO-CUSIO-OSSOLA,Piemonte,101.63,2.5,6.2926,8.0371,49.38,3.9687,-8.8457,-9.5804,320.0,89.94,103.26
174.0,MILANO,MILANO,Lombardia,101.58,8.5,-3.561,2.9315,36.59,1.0726,-0.7197,-1.8044,12430.0,94.87,103.09
175.0,PIOMBINO,LIVORNO,Toscana,101.55,-8.75,11.1478,10.9143,60.85,6.6414,-0.8124,1.2837,258.0,86.86,100.57
176.0,POTENZA,POTENZA,Basilicata,101.52,-1.25,3.077,-5.0131,35.58,-1.7837,4.4494,6.1095,1186.0,96.08,100.17
177.0,CENTO,FERRARA,Emilia-Romagna,101.48,1.25,1.5896,7.8464,57.39,4.503,-0.3403,0.7383,460.0,96.89,102.31
178.0,FOLIGNO,PERUGIA,Umbria,101.47,0.0,2.9393,2.3016,51.1,1.1761,2.2787,0.9693,728.0,95.84,100.97
179.0,BRA,CUNEO,Piemonte,101.45,-0.25,1.4575,16.0079,64.12,10.2643,-0.2745,0.2996,432.0,93.07,103.89
180.0,TODI,PERUGIA,Umbria,101.37,3.5,-0.6752,2.7019,49.13,1.3274,1.3762,1.1343,287.0,90.13,101.35
181.0,CHIETI,CHIETI,Abruzzo,101.32,0.25,0.6249,-1.1335,51.46,-0.5833,4.9921,5.7144,785.0,96.62,100.61
182.0,PONTEDERA,PISA,Toscana,101.27,4.75,0.7696,4.6788,48.23,2.2566,-4.634,-4.2752,906.0,93.59,102.44
182.0,CHIAVENNA,SONDRIO,Lombardia,101.27,3.5,8.4814,4.9967,75.28,3.7615,-18.3869,-14.5685,178.0,78.09,102.39
184.0,MONTESILVANO,PESCARA,Abruzzo,101.25,7.25,-2.9103,-5.6427,43.21,-2.4382,-0.9561,0.7076,280.0,92.05,102.54
185.0,SAVONA,SAVONA,Liguria,101.21,0.0,2.9829,0.8743,41.86,0.366,1.0832,0.2257,884.0,97.23,101.41
186.0,ACIREALE,CATANIA,Sicilia,101.2,-0.5,6.608,-14.4763,33.88,-4.9046,-1.9537,-2.5261,800.0,92.26,100.46
187.0,EMPOLI,FIRENZE,Toscana,101.18,0.0,1.2333,6.5125,43.06,2.8043,2.4418,2.1885,843.0,96.28,101.82
187.0,SAN SEVERINO MARCHE,MACERATA,Marche,101.18,-2.5,-0.1643,13.1564,100.0,13.1564,2.8749,5.103,99.0,70.41,102.09
189.0,LUCCA,LUCCA,Toscana,101.12,-1.75,3.1196,5.8193,47.66,2.7735,3.2039,0.4602,1238.0,95.15,101.44
190.0,PISA,PISA,Toscana,101.11,0.0,1.3291,3.8037,45.92,1.7467,4.1985,0.4774,1224.0,96.12,101.64
191.0,MONFALCONE,GORIZIA,Friuli-Venezia Giulia,101.1,1.75,-1.4259,5.6033,41.03,2.299,3.3983,4.1425,195.0,92.28,101.78
192.0,RENDE,COSENZA,Calabria,101.07,9.0,-4.7713,-7.8838,20.05,-1.5807,0.7778,-3.2654,369.0,89.78,101.69
193.0,VITERBO,VITERBO,Lazio,101.04,-0.75,2.3268,-1.5339,36.77,-0.564,2.1104,3.3051,960.0,93.61,100.56
194.0,SENIGALLIA,ANCONA,Marche,100.95,-1.25,0.5097,11.1238,49.25,5.4785,2.1549,4.4388,735.0,95.08,102.06
194.0,TERNI,TERNI,Umbria,100.95,6.75,-3.9352,-0.5459,36.07,-0.1969,-0.0039,-0.1863,973.0,94.72,101.9
196.0,TORINO,TORINO,Piemonte,100.92,3.75,-2.5861,1.9541,41.05,0.8022,2.0236,2.2923,7600.0,97.59,101.48
197.0,SAN DONATO MILANESE,MILANO,Lombardia,100.89,11.25,-6.5857,7.6582,50.61,3.8758,-6.1114,-5.2013,407.0,89.59,103.3
198.0,SANSEPOLCRO,AREZZO,Toscana,100.88,1.25,-1.1828,-0.0316,36.4,-0.0115,4.2207,4.3712,239.0,95.37,100.32
199.0,SANTA TERESA DI RIVA,MESSINA,Sicilia,100.85,7.5,-2.1813,,0.0,0.0,-4.1746,-5.9043,214.0,92.02,101.98
200.0,SASSUOLO,MODENA,Emilia-Romagna,100.81,1.5,-0.2964,10.3212,56.47,5.8284,-1.4474,-0.4679,742.0,95.74,102.24
201.0,CARRARA,MASSA-CARRARA,Toscana,100.78,3.5,-0.8449,3.2514,31.67,1.0297,-0.1785,-2.3758,401.0,98.05,101.79
202.0,RAGUSA,RAGUSA,Sicilia,100.75,-1.75,2.3765,-0.4257,49.12,-0.2091,2.6042,2.8655,741.0,94.94,100.14
203.0,PESCIA,PISTOIA,Toscana,100.73,-2.5,2.3493,0.8204,69.57,0.5708,3.8776,3.3357,506.0,92.68,100.66
204.0,COMISO,RAGUSA,Sicilia,100.69,-1.5,2.1465,2.5594,39.63,1.0143,3.3723,0.2393,164.0,89.08,100.23
205.0,GENZANO DI ROMA,ROMA,Lazio,100.61,9.25,-4.8688,1.3953,41.82,0.5835,-4.4448,-5.344,275.0,90.29,102.66
206.0,SPOLETO,PERUGIA,Umbria,100.56,1.5,-2.575,6.6524,58.63,3.9003,3.0793,2.3476,394.0,91.07,102.57
207.0,FABRIANO,ANCONA,Marche,100.53,1.75,-0.2659,6.5638,44.73,2.936,-2.6352,-0.2411,313.0,95.45,101.99
208.0,GORGONZOLA,MILANO,Lombardia,100.46,6.25,-4.3406,8.289,56.2,4.6584,-3.5527,-3.1474,347.0,90.94,101.97
209.0,ISERNIA,ISERNIA,Molise,100.43,1.25,-0.4123,-2.6334,32.03,-0.8435,0.7832,1.4579,384.0,97.12,100.66
210.0,VARALLO,VERCELLI,Piemonte,100.38,-11.75,10.2212,7.3346,79.6,5.8383,0.1321,3.1572,201.0,83.97,98.63
211.0,SOMMA VESUVIANA,NAPOLI,Campania,100.36,3.25,-1.1507,-3.8875,44.7,-1.7377,-0.7724,-1.2532,472.0,93.02,100.42
212.0,ALESSANDRIA,ALESSANDRIA,Piemonte,100.27,1.25,-0.6473,7.5906,40.03,3.0385,-1.0518,-1.3992,657.0,95.74,100.78
213.0,GROTTAFERRATA,ROMA,Lazio,100.24,8.75,-6.4526,-6.6965,17.99,-1.2047,-1.7301,-2.7069,339.0,91.05,101.56
214.0,NOVI LIGURE,ALESSANDRIA,Piemonte,100.2,0.25,-0.9432,6.4408,49.88,3.2127,1.8903,-0.6962,411.0,97.29,101.53
215.0,CASTELLANZA,VARESE,Lombardia,100.11,4.25,-4.2288,12.1661,91.01,11.0724,-6.1809,-3.8242,178.0,84.09,103.42
215.0,ASSISI,PERUGIA,Umbria,100.11,-1.0,0.4379,12.8527,44.74,5.7503,-0.4908,-2.1892,456.0,93.59,102.37
217.0,MORTARA,PAVIA,Lombardia,100.08,-4.0,2.2678,3.2711,51.61,1.6882,2.6795,2.4689,248.0,91.24,99.57
218.0,CHIOGGIA,VENEZIA,Veneto,100.07,2.0,-0.7557,7.3287,46.48,3.4064,-5.0424,-1.99,284.0,94.21,101.34
219.0,MIRANDOLA,MODENA,Emilia-Romagna,99.98,0.75,-1.4405,7.7863,64.75,5.0416,-1.7361,-1.1028,383.0,90.89,101.17
220.0,LIVORNO,LIVORNO,Toscana,99.97,-4.0,2.0003,5.9037,49.84,2.9424,3.7764,-0.0515,1244.0,91.5,99.69
221.0,CICCIANO,NAPOLI,Campania,99.95,-2.5,2.3763,-4.8324,49.88,-2.4104,0.8271,1.5581,417.0,94.08,98.41
222.0,ABBIATEGRASSO,MILANO,Lombardia,99.85,6.0,-6.7834,9.0787,40.91,3.7141,0.4749,-2.9133,374.0,96.09,102.06
223.0,GUASTALLA,REGGIO EMILIA,Emilia-Romagna,99.8,-9.25,6.7725,2.9158,63.95,1.8647,-0.1159,4.9407,258.0,88.11,97.41
224.0,TRICASE,LECCE,Puglia,99.78,6.25,-5.5053,-16.8292,22.55,-3.795,0.0313,-1.0694,368.0,90.79,99.46
225.0,GRAVINA IN PUGLIA,BARI,Puglia,99.77,4.25,-4.7123,-3.1408,41.53,-1.3044,1.5868,-0.9218,313.0,94.8,100.48
226.0,CALUSO,TORINO,Piemonte,99.75,-2.25,-2.3587,-1.0063,62.5,-0.6289,6.9672,7.3014,240.0,94.41,98.85
226.0,CINISELLO BALSAMO,MILANO,Lombardia,99.75,10.5,-7.8354,-3.7233,53.09,-1.9767,-4.2144,-5.6051,582.0,89.26,101.23
228.0,ISCHIA,NAPOLI,Campania,99.71,-2.25,1.4988,3.6351,40.99,1.49,-1.6388,-0.0807,344.0,90.37,99.89
229.0,EBOLI,SALERNO,Campania,99.69,3.5,-3.4737,-14.0299,41.46,-5.8168,1.6038,0.9896,410.0,91.43,98.2
230.0,BISCEGLIE,BARLETTA-ANDRIA-TRANI,Puglia,99.68,-7.75,7.0783,-10.6823,50.28,-5.3711,0.834,3.6438,358.0,91.5,96.22
231.0,GUBBIO,PERUGIA,Umbria,99.66,1.25,-3.3051,5.497,56.39,3.0998,1.2121,-0.5382,305.0,97.4,100.64
232.0,TRIGGIANO,BARI,Puglia,99.63,8.25,-4.3954,-4.1173,37.5,-1.544,-6.1735,-9.4328,368.0,90.23,101.16
233.0,SORRENTO,NAPOLI,Campania,99.62,0.25,-0.9287,10.0398,48.09,4.8281,-3.4307,-2.8586,418.0,95.22,101.48
234.0,SAN GIOVANNI ROTONDO,FOGGIA,Puglia,99.51,-7.0,2.8122,-15.7116,62.19,-9.771,9.882,9.6172,365.0,88.66,95.04
235.0,VERCELLI,VERCELLI,Piemonte,99.45,-4.0,0.9936,1.2562,50.39,0.633,2.1645,2.1846,633.0,92.89,98.97
236.0,AGRIGENTO,AGRIGENTO,Sicilia,99.41,3.0,-3.2494,-14.4952,32.99,-4.782,0.9097,-1.1739,964.0,93.36,98.86
237.0,TORTONA,ALESSANDRIA,Piemonte,99.4,4.0,-4.0854,9.8841,35.05,3.4644,-3.1398,-6.0147,291.0,95.08,100.36
238.0,CASTELVETRANO,TRAPANI,Sicilia,99.39,-1.75,-1.1708,-5.3463,38.16,-2.0401,1.4641,4.7382,435.0,96.19,98.46
239.0,MANDURIA,TARANTO,Puglia,99.37,3.75,-2.3467,-18.2588,27.68,-5.054,-2.1842,-3.9727,289.0,91.66,98.83
240.0,MOLFETTA,BARI,Puglia,99.35,-4.75,1.5925,3.0169,64.8,1.955,1.5981,0.9934,966.0,90.79,99.32
241.0,ROSETO DEGLI ABRUZZI,TERAMO,Abruzzo,99.34,2.25,-6.2103,1.0211,37.01,0.3779,3.6716,3.1855,354.0,94.03,99.81
242.0,MARTINA FRANCA,TARANTO,Puglia,99.31,-2.5,2.2479,-9.5803,50.65,-4.8524,-0.9196,-0.2198,614.0,95.52,97.52
243.0,GIARRE,CATANIA,Sicilia,99.26,-0.25,1.4688,-10.2077,49.39,-5.0416,-2.4406,-4.1546,739.0,93.89,98.34
244.0,SUSA,TORINO,Piemonte,99.24,7.0,-3.9419,4.0991,53.02,2.1733,-11.1114,-9.3571,149.0,79.49,102.18
245.0,VOLTERRA,PISA,Toscana,99.23,3.5,-4.2726,12.1546,51.09,6.2098,-3.6883,-7.5447,137.0,83.81,102.71
246.0,SAN MINIATO,PISA,Toscana,99.21,-2.5,0.4014,13.7686,57.33,7.8935,-2.8838,-5.5759,232.0,88.45,100.54
247.0,GENOVA,GENOVA,Liguria,99.2,-2.25,-1.3514,6.3656,39.16,2.4928,1.9933,0.1439,4293.0,95.85,99.96
247.0,CECINA,LIVORNO,Toscana,99.2,2.0,-2.1863,14.1551,37.07,5.2473,-5.8755,-6.7048,348.0,93.33,101.88
249.0,ARCO,TRENTO,Trentino-Alto Adige,99.17,-1.25,-5.1482,21.9883,72.09,15.8514,-0.448,-1.2619,43.0,53.45,100.89
250.0,MILAZZO,MESSINA,Sicilia,99.13,-3.75,4.2076,-11.1798,73.22,-8.1858,0.2246,-2.3195,732.0,94.95,97.18
251.0,TRANI,BARLETTA-ANDRIA-TRANI,Puglia,99.12,-4.25,1.4083,-4.2241,34.86,-1.4725,1.5055,1.0889,479.0,91.44,98.52
252.0,GROSSETO,GROSSETO,Toscana,99.09,-3.0,0.7998,6.2806,58.09,3.6484,-2.8388,-2.1634,797.0,96.23,99.93
253.0,ADRANO,CATANIA,Sicilia,99.07,-3.25,5.3364,-27.9772,37.28,-10.4299,-3.1628,-2.9625,338.0,92.06,96.54
253.0,CECCANO,FROSINONE,Lazio,99.07,0.5,-0.7317,-10.2881,56.36,-5.7984,-2.0769,-0.6107,346.0,91.15,98.07
255.0,CASARANO,LECCE,Puglia,99.02,2.0,-3.2349,-4.7492,50.0,-2.3746,-1.6238,-1.4358,714.0,95.58,99.01
256.0,MELFI,POTENZA,Basilicata,98.96,0.25,-3.8884,-2.181,68.68,-1.4979,3.2674,0.6034,348.0,92.28,99.24
257.0,GRAGNANO,NAPOLI,Campania,98.9,-4.5,2.7587,-10.3262,41.5,-4.2854,-0.1813,-0.4014,306.0,95.14,97.69
258.0,TERMOLI,CAMPOBASSO,Molise,98.89,-3.75,-0.6698,-3.5335,66.38,-2.3455,2.7812,3.8943,574.0,90.85,97.93
259.0,BENEVENTO,BENEVENTO,Campania,98.84,2.75,-2.7837,-13.0384,40.77,-5.3158,-2.9959,-3.1577,1317.0,93.77,98.43
260.0,APRILIA,LATINA,Lazio,98.78,-3.25,1.6263,1.1939,45.55,0.5438,-5.1346,-1.9091,472.0,92.87,98.7
261.0,PESCARA,PESCARA,Abruzzo,98.76,1.0,-4.47,0.0277,39.83,0.011,0.4194,-0.735,2041.0,95.26,99.04
262.0,AVEZZANO,L'AQUILA,Abruzzo,98.7,1.5,-4.0765,-3.766,33.19,-1.2499,-1.145,-1.6227,696.0,95.8,98.64
263.0,MUSSOMELI,CALTANISSETTA,Sicilia,98.69,-11.0,4.2884,-11.3726,60.84,-6.9191,7.2853,10.0587,166.0,80.09,94.57
263.0,PATTI,MESSINA,Sicilia,98.69,-1.75,-0.13,-4.2547,53.33,-2.269,-0.0618,-4.1886,270.0,92.51,98.64
265.0,TORRE DEL GRECO,NAPOLI,Campania,98.64,-3.25,0.9553,-21.8485,43.1,-9.4167,2.019,1.7868,768.0,93.12,95.82
266.0,RIVOLI,TORINO,Piemonte,98.6,2.75,-4.9684,0.3618,42.67,0.1544,-3.3167,-3.0563,621.0,95.48,99.7
267.0,ARIANO IRPINO,AVELLINO,Campania,98.5,-4.25,0.2701,-2.632,52.87,-1.3915,-0.0894,0.3913,348.0,94.45,97.59
268.0,MARANO DI NAPOLI,NAPOLI,Campania,98.4,2.5,-4.5647,-18.7857,5.68,-1.067,-3.3887,-4.3032,511.0,92.69,98.37
268.0,RIETI,RIETI,Lazio,98.4,-6.25,-0.1826,-0.8789,47.85,-0.4206,3.9623,2.9795,675.0,91.31,97.58
270.0,AUGUSTA,SIRACUSA,Sicilia,98.38,-2.75,2.7425,-7.9565,34.27,-2.7267,-7.2866,-6.1107,286.0,92.86,98.14
271.0,SULMONA,L'AQUILA,Abruzzo,98.35,-2.75,-2.2058,,0.0,0.0,-0.8174,1.6459,114.0,83.78,97.69
272.0,CORATO,BARI,Puglia,98.28,-4.75,2.3805,-3.7904,58.63,-2.2223,-4.9589,-1.702,452.0,90.07,97.21
273.0,FIRENZE,FIRENZE,Toscana,98.27,-4.5,-1.399,5.9294,45.81,2.7163,0.9463,-0.2914,4047.0,94.48,98.72
273.0,ORVIETO,TERNI,Umbria,98.27,1.5,-4.9172,7.3809,19.79,1.4607,-3.7947,-3.0182,288.0,93.99,99.18
275.0,PENNE,PESCARA,Abruzzo,98.26,-2.0,-2.2707,-4.4952,50.0,-2.2476,-1.0204,0.7981,114.0,84.86,98.08
276.0,SALERNO,SALERNO,Campania,98.17,-2.25,-1.5461,-8.6016,39.61,-3.4071,-1.3789,-0.2544,2560.0,94.88,97.07
277.0,LECCE,LECCE,Puglia,98.16,-0.25,-3.7735,-13.3761,41.88,-5.6019,2.0793,-0.8356,2347.0,94.04,97.23
278.0,GALATINA,LECCE,Puglia,98.12,0.25,-1.7867,-7.9221,35.76,-2.8329,-4.9769,-5.5746,344.0,92.5,97.88
279.0,ACQUI TERME,ALESSANDRIA,Piemonte,98.07,-6.0,-0.2224,-1.6918,46.79,-0.7916,2.2495,1.0639,312.0,90.79,97.21
280.0,VIAREGGIO,LUCCA,Toscana,98.03,-6.5,1.213,10.8075,40.81,4.4105,-0.4351,-5.2204,571.0,90.03,99.37
281.0,LANCIANO,CHIETI,Abruzzo,97.93,-1.25,-3.5507,-5.2929,29.11,-1.5408,-2.1601,-0.2248,694.0,96.51,97.5
282.0,MONTESARCHIO,BENEVENTO,Campania,97.91,-6.0,0.0468,-2.8677,43.85,-1.2575,0.5469,0.6125,260.0,88.14,96.8
283.0,REGGIO DI CALABRIA,REGGIO CALABRIA,Calabria,97.9,1.75,-4.772,-20.1418,37.34,-7.5209,0.6127,-3.5494,1556.0,91.28,96.84
284.0,CIVEZZANO,TRENTO,Trentino-Alto Adige,97.88,-8.25,-0.6777,5.9504,100.0,5.9504,2.642,1.482,75.0,70.1,97.93
285.0,BORGO SAN LORENZO,FIRENZE,Toscana,97.86,-2.0,-3.9,10.495,65.99,6.9257,-3.6235,-4.0714,294.0,91.28,100.72
286.0,AVELLINO,AVELLINO,Campania,97.85,-2.0,-1.7907,-9.2038,42.57,-3.9181,-2.2168,-2.1291,1520.0,97.25,97.11
286.0,RAPALLO,GENOVA,Liguria,97.85,1.75,-6.1794,3.3126,25.56,0.8467,-1.7435,-5.1153,270.0,94.06,98.56
288.0,TERAMO,TERAMO,Abruzzo,97.78,-3.5,-5.1659,3.1006,44.5,1.3798,3.3673,3.3898,872.0,94.18,97.65
289.0,CASTELLAMMARE DI STABIA,NAPOLI,Campania,97.77,-5.0,-0.5333,-13.1079,54.71,-7.1713,2.6023,1.6543,1146.0,90.97,95.51
290.0,ALCAMO,TRAPANI,Sicilia,97.69,-6.75,0.441,-9.9561,36.33,-3.6171,0.2371,2.3747,512.0,93.24,96.66
291.0,FONDI,LATINA,Lazio,97.56,3.5,-7.8348,-11.4424,52.04,-5.9546,-1.3129,-1.9452,294.0,89.3,97.36
292.0,CAPUA,CASERTA,Campania,97.54,-2.75,-0.3584,-17.9272,32.35,-5.7994,-2.2671,-5.6662,748.0,95.51,96.47
293.0,BARI,BARI,Puglia,97.53,-3.5,-1.4964,-7.9362,43.77,-3.4737,-1.0894,-2.6584,3443.0,97.08,96.71
294.0,ATRI,TERAMO,Abruzzo,97.52,-8.25,-0.6128,2.9217,34.85,1.0182,2.1572,3.0672,307.0,87.8,96.67
294.0,FRANCAVILLA FONTANA,BRINDISI,Puglia,97.52,0.25,-3.834,-6.1034,64.22,-3.9196,-4.7685,-3.6019,464.0,91.32,97.56
296.0,NOLA,NAPOLI,Campania,97.45,-2.5,-2.8939,-13.513,44.79,-6.0525,0.7052,-1.2548,701.0,93.28,95.86
297.0,IMPERIA,IMPERIA,Liguria,97.42,-1.0,-2.3827,-4.1702,50.37,-2.1005,-4.8376,-6.983,546.0,94.62,98.08
298.0,MESSINA,MESSINA,Sicilia,97.36,-6.25,2.1682,-18.6154,40.79,-7.5932,-0.1944,-4.3527,1917.0,90.69,95.6
299.0,PAVULLO NEL FRIGNANO,MODENA,Emilia-Romagna,97.35,0.25,-4.9716,6.9128,64.83,4.4816,-8.1995,-6.2561,236.0,91.52,99.56
300.0,TARANTO,TARANTO,Puglia,97.34,-3.25,0.0669,-19.3692,47.42,-9.1849,-2.4986,-3.8126,2109.0,94.11,94.81
301.0,MODICA,RAGUSA,Sicilia,97.33,-13.0,4.4268,3.3616,45.93,1.544,1.3362,0.3888,492.0,83.11,96.1
302.0,FOGGIA,FOGGIA,Puglia,97.29,-4.75,-2.3116,-10.9059,52.89,-5.7681,2.3,1.1025,1749.0,94.37,95.74
303.0,LIMBIATE,MONZA E DELLA BRIANZA,Lombardia,97.22,-4.75,-0.7774,1.4144,100.0,1.4144,-4.9351,-4.9406,285.0,94.42,97.49
304.0,FROSINONE,FROSINONE,Lazio,97.19,-7.5,-0.6737,-11.0094,50.59,-5.5697,2.6346,3.4177,761.0,91.2,95.0
305.0,VIESTE,FOGGIA,Puglia,97.17,-12.5,-0.1283,14.7291,77.69,11.443,0.6369,3.8685,130.0,72.08,99.3
306.0,BRONTE,CATANIA,Sicilia,97.11,-12.5,6.1985,-14.3512,47.06,-6.7537,-0.5933,0.4723,255.0,85.32,94.3
307.0,CASERTA,CASERTA,Campania,97.05,-4.0,-1.0625,-12.6403,43.0,-5.4353,-1.706,-4.5903,1849.0,93.99,96.0
308.0,POMPEI,NAPOLI,Campania,96.97,-12.25,2.25,-11.5552,9.25,-1.0689,2.5819,3.1432,292.0,83.05,95.18
309.0,ISOLA DELLA SCALA,VERONA,Veneto,96.96,-7.75,3.2346,8.6384,100.0,8.6384,-13.1426,-10.0564,317.0,87.34,97.9
309.0,CATANZARO,CATANZARO,Calabria,96.96,-5.75,-1.3608,-18.8977,49.96,-9.4413,2.4303,1.5084,1251.0,92.0,94.94
311.0,VILLA SAN GIOVANNI,REGGIO CALABRIA,Calabria,96.94,-1.75,-2.783,-5.4619,55.12,-3.0106,-5.2435,-6.5263,254.0,87.32,96.77
312.0,POLICORO,MATERA,Basilicata,96.93,-5.5,-3.2383,-9.4869,30.59,-2.902,0.6574,2.131,170.0,87.68,95.27
313.0,MADDALONI,CASERTA,Campania,96.88,1.5,-5.2406,-11.4569,7.25,-0.8306,-7.1993,-10.048,483.0,92.46,97.39
314.0,LA SPEZIA,LA SPEZIA,Liguria,96.87,-2.75,-4.8599,5.2962,44.44,2.3536,-1.8364,-5.1711,1206.0,94.9,98.25
315.0,ALTAMURA,BARI,Puglia,96.86,-7.25,0.0356,-0.2829,54.89,-0.1553,-3.2551,-2.7133,869.0,91.48,96.48
316.0,ROMA,ROMA,Lazio,96.74,-2.0,-5.1237,-6.0991,28.4,-1.7321,-2.5131,-3.4336,22535.0,94.56,96.56
317.0,SORA,FROSINONE,Lazio,96.67,-3.75,-5.2863,-11.6104,39.96,-4.6395,1.8103,1.1152,498.0,91.96,95.46
318.0,CALTAGIRONE,CATANIA,Sicilia,96.66,-8.0,1.2629,-16.1698,35.06,-5.6691,-1.7138,-2.4233,462.0,89.42,94.88
319.0,MANFREDONIA,FOGGIA,Puglia,96.63,-3.75,-3.5354,-17.2525,42.83,-7.3892,0.0895,-0.8676,495.0,93.89,94.82
320.0,CASTROVILLARI,COSENZA,Calabria,96.61,-10.75,-0.0121,-9.1356,58.84,-5.3754,4.528,4.6154,430.0,88.01,93.36
321.0,BITONTO,BARI,Puglia,96.54,-2.25,-2.031,-7.4648,46.86,-3.498,-8.1476,-7.925,493.0,93.63,96.42
321.0,MONOPOLI,BARI,Puglia,96.54,-5.0,-4.2115,9.7368,38.79,3.7769,-2.3439,-3.7511,397.0,89.34,97.26
323.0,SESTO SAN GIOVANNI,MILANO,Lombardia,96.3,-1.5,-7.0873,3.8628,52.62,2.0326,-4.398,-4.5582,705.0,95.06,97.6
324.0,CAIVANO,NAPOLI,Campania,96.22,-7.0,-0.8918,-5.89,38.28,-2.2547,-4.6888,-3.1992,290.0,93.77,95.12
325.0,SOVERATO,CATANZARO,Calabria,96.12,-11.75,-0.0128,-14.7763,66.58,-9.8381,7.0136,5.1477,395.0,85.66,93.43
326.0,SANREMO,IMPERIA,Liguria,96.1,3.25,-8.8835,1.8407,44.16,0.8129,-9.4141,-10.6569,394.0,89.82,98.55
327.0,CALTANISSETTA,CALTANISSETTA,Sicilia,96.08,-13.0,3.1233,-17.2955,58.51,-10.1196,2.3482,3.0947,1010.0,86.87,92.47
328.0,SANTERAMO IN COLLE,BARI,Puglia,96.06,-3.5,-3.7643,-10.0428,53.28,-5.3508,-4.6735,-3.9559,137.0,79.45,96.08
329.0,OSTIGLIA,MANTOVA,Lombardia,96.05,-14.0,1.9007,11.33,63.52,7.1968,-2.9003,-1.4371,233.0,82.45,96.42
330.0,TRAPANI,TRAPANI,Sicilia,95.96,-8.75,2.2253,-18.0891,40.66,-7.355,-5.9416,-4.2538,851.0,88.77,93.79
331.0,BOLLATE,MILANO,Lombardia,95.9,-3.75,-5.4728,6.9529,49.35,3.4313,-4.6662,-7.4558,310.0,93.69,97.11
332.0,VEROLI,FROSINONE,Lazio,95.89,-3.5,-7.2251,-2.4684,19.87,-0.4905,1.2493,-4.2989,151.0,79.64,95.72
332.0,GROTTAMMARE,ASCOLI PICENO,Marche,95.89,-7.75,-9.1061,13.9723,81.31,11.3609,4.2205,2.3277,107.0,74.17,96.32
334.0,VAIRANO PATENORA,CASERTA,Campania,95.88,-1.75,-6.614,-18.652,43.82,-8.1733,-0.074,-3.6873,251.0,82.44,93.85
335.0,SARNO,SALERNO,Campania,95.87,-10.5,0.1773,-11.9115,53.83,-6.412,-0.5354,1.7482,457.0,85.33,93.96
335.0,CATANIA,CATANIA,Sicilia,95.87,-10.5,2.3178,-12.6858,39.06,-4.9551,-2.9708,-4.777,3495.0,88.55,94.05
337.0,SAN GIOVANNI VALDARNO,AREZZO,Toscana,95.8,-7.0,-3.5739,8.9473,49.41,4.4209,-3.9912,-5.4265,427.0,92.53,96.87
338.0,GALLIPOLI,LECCE,Puglia,95.74,-4.25,-5.4853,-12.549,39.61,-4.9707,-0.6056,-2.9293,361.0,92.66,94.05
339.0,SANTA MARIA CAPUA VETERE,CASERTA,Campania,95.71,-2.75,-0.854,-22.9139,42.92,-9.8346,-9.2451,-11.1729,480.0,91.48,94.13
340.0,TERMINI IMERESE,PALERMO,Sicilia,95.67,-6.5,-2.7076,-17.9576,37.89,-6.8041,-3.2899,-0.9521,285.0,92.33,93.45
340.0,SAN GIORGIO A CREMANO,NAPOLI,Campania,95.67,-8.75,-0.6561,-13.0896,64.21,-8.4048,-0.4005,-1.558,598.0,90.41,93.96
342.0,CIVITAVECCHIA,ROMA,Lazio,95.63,-4.5,-3.8681,-3.398,46.36,-1.5753,-6.5578,-6.2418,535.0,95.1,95.31
343.0,FERENTINO,FROSINONE,Lazio,95.61,-6.25,-3.4597,-5.1554,60.85,-3.1371,-3.3702,-3.415,212.0,86.63,95.41
344.0,GIULIANOVA,TERAMO,Abruzzo,95.6,-6.75,-8.5964,6.3371,51.13,3.2402,2.2989,4.1582,266.0,91.08,96.68
345.0,FAVARA,AGRIGENTO,Sicilia,95.54,-8.25,-3.5876,-11.4449,51.56,-5.901,1.5825,1.1402,225.0,91.47,93.01
346.0,MARIGLIANO,NAPOLI,Campania,95.5,-7.0,-2.8276,-17.5844,32.87,-5.78,-1.5149,-3.3018,359.0,87.96,93.73
347.0,VENTIMIGLIA,IMPERIA,Liguria,95.42,-4.0,2.0296,-8.2568,38.1,-3.1458,-20.0021,-15.7815,210.0,83.67,95.91
348.0,CANOSA DI PUGLIA,BARLETTA-ANDRIA-TRANI,Puglia,95.39,-6.25,-4.4326,-2.5737,43.27,-1.1136,-3.9828,-3.6498,245.0,90.12,95.16
349.0,BRINDISI,BRINDISI,Puglia,95.33,-11.75,-0.9313,-6.8138,61.58,-4.1959,0.8943,0.9522,1507.0,89.06,92.63
350.0,MASSAFRA,TARANTO,Puglia,95.31,-8.0,-1.9198,-8.5976,37.23,-3.2009,-5.5472,-3.4771,231.0,94.26,93.86
350.0,MELITO DI NAPOLI,NAPOLI,Campania,95.31,-8.75,-2.8225,-8.6154,35.36,-3.0464,-0.299,-3.0996,181.0,75.89,93.84
352.0,AGROPOLI,SALERNO,Campania,95.29,-2.75,-7.9721,-17.2208,26.1,-4.4946,-1.1388,-3.9589,272.0,92.03,94.58
353.0,CORTONA,AREZZO,Toscana,95.27,-10.25,-4.5262,7.8704,69.54,5.4731,1.1634,-2.2189,197.0,87.38,95.44
354.0,GROTTAGLIE,TARANTO,Puglia,95.21,-8.75,0.4891,-19.0293,33.55,-6.3843,-5.8212,-6.75,307.0,89.51,93.07
355.0,CASALNUOVO DI NAPOLI,NAPOLI,Campania,95.2,-6.75,-0.8437,-16.18,57.89,-9.3666,-5.3165,-6.7623,247.0,87.73,92.85
356.0,AVERSA,CASERTA,Campania,95.14,-4.75,-4.4626,-18.7894,48.87,-9.1824,-1.7997,-5.3963,2257.0,92.17,92.93
357.0,GIUGLIANO IN CAMPANIA,NAPOLI,Campania,95.03,-5.5,-3.8714,-17.5405,50.7,-8.893,-3.5461,-4.4389,1136.0,91.52,92.5
358.0,ALATRI,FROSINONE,Lazio,94.97,-2.5,-6.9251,-5.3052,42.61,-2.2605,-6.5207,-8.5461,230.0,92.7,95.25
359.0,LOCRI,REGGIO CALABRIA,Calabria,94.96,-11.0,-3.4248,-4.1613,26.03,-1.0832,1.2189,-0.0352,484.0,86.47,93.54
359.0,BARCELLONA POZZO DI GOTTO,MESSINA,Sicilia,94.96,-8.0,-2.4062,-18.1815,48.48,-8.8144,-1.7454,-3.4451,429.0,93.36,93.55
361.0,LAMEZIA TERME,CATANZARO,Calabria,94.92,-11.75,-1.4213,-16.7034,49.25,-8.2264,2.4208,1.1206,863.0,86.62,92.09
362.0,MARCIANISE,CASERTA,Campania,94.89,-1.0,-5.4082,-19.307,43.77,-8.4507,-7.9325,-12.2462,626.0,87.41,93.74
363.0,OSTUNI,BRINDISI,Puglia,94.86,-4.0,-6.6687,-9.1408,54.4,-4.9726,-3.8349,-5.2675,307.0,93.65,94.44
364.0,MONTEROTONDO,ROMA,Lazio,94.83,-6.75,-5.2567,-2.9782,22.92,-0.6826,-3.7919,-5.1787,768.0,89.56,94.36
364.0,PALESTRINA,ROMA,Lazio,94.83,-12.5,-2.0439,-4.869,58.41,-2.844,2.2573,-0.2543,327.0,82.55,93.16
366.0,PIEDIMONTE MATESE,CASERTA,Campania,94.8,-8.5,-4.9668,-16.3727,53.21,-8.7119,2.9491,0.8686,389.0,90.47,91.8
367.0,ENNA,ENNA,Sicilia,94.76,-11.5,1.5634,-11.6864,41.86,-4.8919,-8.3493,-4.3978,344.0,85.35,93.19
367.0,ACQUAVIVA DELLE FONTI,BARI,Puglia,94.76,-9.75,-1.279,-8.9207,63.28,-5.645,-2.5007,-5.6757,354.0,90.16,93.05
369.0,TORRE ANNUNZIATA,NAPOLI,Campania,94.65,-13.5,0.9389,-17.3442,31.49,-5.4617,-2.0804,-1.9958,543.0,84.96,92.34
370.0,SAN SEVERO,FOGGIA,Puglia,94.63,-9.5,-4.8489,-12.7349,46.38,-5.9064,1.6337,0.8154,511.0,88.27,92.61
370.0,PORTICI,NAPOLI,Campania,94.63,-12.0,-2.8402,-15.5369,40.05,-6.2225,2.7934,1.6643,819.0,82.62,92.25
372.0,TIVOLI,ROMA,Lazio,94.62,-7.0,-5.9285,-3.998,44.42,-1.7759,-3.6096,-3.1553,959.0,92.87,94.4
373.0,MACOMER,NUORO,Sardegna,94.6,-14.25,-2.1914,-14.2864,54.12,-7.7318,2.9623,8.2681,85.0,61.73,91.16
374.0,LATINA,LATINA,Lazio,94.59,-6.75,-7.3298,0.2162,40.47,0.0875,-2.6045,-2.277,1804.0,92.04,94.4
375.0,PALMI,REGGIO CALABRIA,Calabria,94.56,-8.75,-5.0026,-14.2323,15.11,-2.1505,-1.0456,-3.0606,331.0,87.51,93.49
376.0,CAGLIARI,CAGLIARI,Sardegna,94.51,-7.5,-5.2505,-7.7367,33.67,-2.6049,-2.6366,-4.9957,2462.0,89.78,93.6
377.0,PARTINICO,PALERMO,Sicilia,94.49,-13.0,-1.9095,-14.0583,56.59,-7.9556,2.1624,2.8278,516.0,87.21,91.07
378.0,PALERMO,PALERMO,Sicilia,94.46,-11.75,-2.428,-12.8676,40.34,-5.1908,-0.5789,-0.0471,6322.0,87.33,92.15
379.0,PAOLA,COSENZA,Calabria,94.35,-4.25,-8.77,-17.1721,59.71,-10.2535,3.6972,-4.3245,273.0,87.27,93.03
380.0,CASTEL SAN PIETRO TERME,BOLOGNA,Emilia-Romagna,94.32,-12.5,-5.2991,14.4001,92.78,13.3604,-4.159,-3.7043,194.0,78.04,99.29
381.0,GELA,CALTANISSETTA,Sicilia,94.29,-10.0,-4.2995,-11.5276,45.48,-5.2428,0.0547,-1.8811,708.0,86.4,92.21
382.0,LUCERA,FOGGIA,Puglia,94.16,-14.5,-1.4851,-8.8383,49.25,-4.3529,1.2629,0.674,402.0,84.82,92.23
383.0,GAETA,LATINA,Lazio,94.15,-2.5,-5.6644,-18.3594,67.61,-12.4128,-9.7532,-7.7983,213.0,86.85,93.73
384.0,BAGHERIA,PALERMO,Sicilia,94.12,-13.0,-0.4644,-19.3133,36.37,-7.0242,-2.9324,-1.6784,888.0,86.39,91.91
385.0,PIEVE DEL GRAPPA,TREVISO,Veneto,94.06,6.5,-19.5577,,0.0,0.0,-4.7543,-8.9151,36.0,51.47,93.65
386.0,ACRI,COSENZA,Calabria,94.05,-11.25,-4.8753,-14.7812,58.43,-8.6367,5.2343,0.35,255.0,81.26,91.7
386.0,PIAZZA ARMERINA,ENNA,Sicilia,94.05,-17.0,3.4715,-9.0009,49.31,-4.4383,-5.4651,-2.2166,288.0,78.26,91.34
388.0,NAPOLI,NAPOLI,Campania,94.04,-11.75,-2.4143,-14.1115,43.67,-6.1625,-1.1682,-2.6975,8927.0,89.1,91.73
389.0,FILADELFIA,VIBO VALENTIA,Calabria,94.03,-7.0,-2.6566,-22.7835,42.86,-9.765,-11.2116,-4.918,35.0,56.18,90.65
390.0,CERIGNOLA,FOGGIA,Puglia,93.99,-4.75,-7.5955,-14.1435,48.47,-6.8554,-4.5783,-5.4874,619.0,93.17,93.27
391.0,ANAGNI,FROSINONE,Lazio,93.95,-6.25,-8.8048,-14.9027,13.25,-1.9746,-2.3359,-3.4563,317.0,90.74,93.22
392.0,MAZARA DEL VALLO,TRAPANI,Sicilia,93.93,-14.25,-1.8334,-18.9474,64.9,-12.2969,4.9391,2.9926,416.0,81.8,90.62
393.0,SIRACUSA,SIRACUSA,Sicilia,93.9,-11.5,-2.6566,-13.7559,47.51,-6.5354,-0.8629,-4.1006,1246.0,88.26,91.2
394.0,GUIDONIA MONTECELIO,ROMA,Lazio,93.88,-7.75,-6.3008,-1.6064,18.44,-0.2962,-5.5428,-6.1899,358.0,90.24,93.61
395.0,COLLEFERRO,ROMA,Lazio,93.82,-1.25,-11.87,-6.4645,41.1,-2.6569,-5.7146,-7.5354,528.0,86.97,94.27
396.0,AFRAGOLA,NAPOLI,Campania,93.8,-6.5,-4.387,-19.7506,57.0,-11.2578,-5.2118,-7.4383,721.0,92.24,91.49
397.0,TERRACINA,LATINA,Lazio,93.76,-15.25,-2.641,-6.8876,56.12,-3.8653,2.1092,1.9251,392.0,82.84,91.37
398.0,SCIACCA,AGRIGENTO,Sicilia,93.71,-11.75,-4.6318,-12.5882,56.21,-7.0758,0.0641,1.4472,612.0,86.23,91.01
399.0,CASSINO,FROSINONE,Lazio,93.63,-9.25,-7.3001,-9.516,50.47,-4.8027,-0.1271,-0.8814,955.0,86.41,91.79
400.0,FARA IN SABINA,RIETI,Lazio,93.59,-7.25,-7.4141,-7.8546,44.19,-3.4709,-2.947,-6.4035,215.0,86.68,92.67
401.0,TARQUINIA,VITERBO,Lazio,93.49,-5.25,-9.3325,4.2649,38.33,1.6347,-6.3997,-9.3156,180.0,90.98,93.73
402.0,BATTIPAGLIA,SALERNO,Campania,93.43,-10.5,-5.1339,-7.3199,59.0,-4.3187,-3.1794,-3.4963,622.0,90.74,92.15
403.0,VALLO DELLA LUCANIA,SALERNO,Campania,93.39,-7.75,-8.3601,-13.5043,29.41,-3.9716,-1.7303,-4.0163,408.0,91.11,92.08
404.0,SAN GIOVANNI LA PUNTA,CATANIA,Sicilia,93.28,-8.0,-2.9792,-17.472,49.88,-8.715,-8.5297,-11.4846,411.0,90.73,92.99
405.0,SCAFATI,SALERNO,Campania,93.25,-10.25,-4.8159,-6.7814,49.66,-3.3676,-5.9648,-5.3908,594.0,91.24,92.23
406.0,FLORIDIA,SIRACUSA,Sicilia,93.21,-10.0,-4.3227,-21.7227,7.43,-1.614,-4.3703,-11.8093,148.0,76.92,92.54
407.0,BRACCIANO,ROMA,Lazio,93.19,-9.0,-7.513,-12.2137,35.67,-4.3566,-2.1208,-3.8632,328.0,92.77,92.22
408.0,MASSA,MASSA-CARRARA,Toscana,93.13,-7.5,-7.8072,8.9782,47.3,4.2467,-6.3121,-13.0789,630.0,89.87,95.85
409.0,FRASCATI,ROMA,Lazio,93.09,-11.5,-6.5823,-0.873,63.58,-0.5551,-0.064,-5.2113,766.0,86.28,92.52
410.0,TEGGIANO,SALERNO,Campania,93.07,-12.5,-4.8962,,0.0,0.0,-4.744,-3.6902,125.0,60.76,91.7
411.0,ANZIO,ROMA,Lazio,93.03,-11.0,-6.29,-2.7795,32.38,-0.9,-3.1827,-5.0672,522.0,87.1,92.41
412.0,ALGHERO,SASSARI,Sardegna,93.01,-13.75,-6.0591,4.5113,53.0,2.391,-0.5618,-2.3897,300.0,84.13,92.95
413.0,VIBO VALENTIA,VIBO VALENTIA,Calabria,92.99,-13.75,-5.24,-6.7013,37.0,-2.4795,0.5139,-1.6882,946.0,85.53,91.44
414.0,FORMIA,LATINA,Lazio,92.82,-16.0,-1.0611,-7.7715,59.14,-4.5961,-4.587,-2.9384,558.0,78.78,90.91
415.0,CROTONE,CROTONE,Calabria,92.76,-15.25,-4.2697,-20.3649,52.88,-10.769,3.6376,3.0269,885.0,82.19,88.37
416.0,FIUMICINO,ROMA,Lazio,92.73,-14.5,-3.051,3.7217,53.9,2.006,-6.9542,-6.2768,397.0,82.97,93.19
417.0,POMEZIA,ROMA,Lazio,92.7,-12.5,-4.4319,0.2519,40.69,0.1025,-6.4937,-7.3749,698.0,85.0,92.01
418.0,ARZANO,NAPOLI,Campania,92.67,-8.75,-8.4345,-22.9722,41.99,-9.646,-1.5222,-1.9509,412.0,88.84,89.53
419.0,LADISPOLI,ROMA,Lazio,92.58,-8.75,-8.0333,0.4716,57.68,0.272,-7.2371,-8.4841,293.0,89.87,94.21
420.0,COSENZA,COSENZA,Calabria,92.57,-13.25,-6.0319,-14.0216,48.06,-6.7388,1.7227,-1.767,1417.0,86.71,90.36
421.0,SANTA SEVERINA,CROTONE,Calabria,92.52,-2.75,-14.3405,-5.2172,26.19,-1.3664,-2.8877,-10.7044,42.0,62.53,93.1
422.0,NUORO,NUORO,Sardegna,92.43,-11.75,-7.0892,-12.6261,68.92,-8.7019,0.1667,-1.2418,296.0,81.83,91.13
423.0,VITTORIA,RAGUSA,Sicilia,92.12,-22.75,1.0434,0.318,50.62,0.161,-1.3382,-1.6717,405.0,79.21,89.82
424.0,NICHELINO,TORINO,Piemonte,92.01,-10.75,-7.9807,0.8266,51.84,0.4285,-7.8883,-6.9041,272.0,89.83,91.87
425.0,POZZUOLI,NAPOLI,Campania,91.94,-13.25,-4.7788,-10.9072,58.57,-6.3883,-4.0464,-7.0371,1161.0,86.19,90.65
426.0,SAN GIOVANNI IN FIORE,COSENZA,Calabria,91.88,-15.5,-3.6061,-27.3136,46.04,-12.5752,0.4596,-2.2192,139.0,74.8,88.37
427.0,CERRETO SANNITA,BENEVENTO,Campania,91.62,-8.5,-8.942,-18.7778,90.59,-17.0108,-3.2947,-2.4521,85.0,71.36,88.92
428.0,VELLETRI,ROMA,Lazio,91.41,-11.0,-10.823,-2.6519,48.76,-1.2931,-2.4634,-5.7936,808.0,88.17,91.65
429.0,MARSALA,TRAPANI,Sicilia,91.28,-18.5,-0.5742,-12.3649,47.93,-5.9265,-7.7478,-6.8014,699.0,85.12,88.78
430.0,SESSA AURUNCA,CASERTA,Campania,91.25,-7.0,-7.3838,-17.7816,26.57,-4.7246,-15.1538,-17.3015,271.0,88.8,90.77
431.0,COPERTINO,LECCE,Puglia,90.98,-17.5,-3.6073,-11.554,30.15,-3.4835,-6.28,-6.5425,272.0,78.53,89.23
432.0,ORISTANO,ORISTANO,Sardegna,90.83,-16.0,-5.7933,-4.2521,47.46,-2.018,-7.7498,-5.6129,295.0,83.15,89.74
433.0,FIGLINE E INCISA VALDARNO,FIRENZE,Toscana,90.82,-17.25,-8.8071,8.8905,77.35,6.8768,-2.1421,-5.3087,181.0,71.37,93.52
434.0,PORTOFERRAIO,LIVORNO,Toscana,90.61,-17.75,-6.2634,14.7895,57.23,8.464,-6.947,-11.3869,173.0,79.68,92.06
435.0,SASSARI,SASSARI,Sardegna,90.52,-18.5,-7.6859,-9.6145,46.35,-4.4563,1.2225,0.0746,1344.0,82.37,88.65
436.0,CIVITA CASTELLANA,VITERBO,Lazio,90.35,-14.25,-9.2001,-3.6294,45.55,-1.6532,-5.778,-7.0324,281.0,86.75,89.37
437.0,FRATTAMAGGIORE,NAPOLI,Campania,90.32,-15.75,-4.8531,-15.1137,57.3,-8.6602,-7.1836,-8.8928,1246.0,82.77,87.93
438.0,ALASSIO,SAVONA,Liguria,90.21,-10.0,-15.9658,14.5631,77.23,11.2471,-5.506,-12.7942,101.0,71.9,98.37
439.0,TREBISACCE,COSENZA,Calabria,89.62,-16.25,-11.3989,-13.4449,58.53,-7.8693,1.634,-0.785,258.0,82.78,87.6
440.0,QUARTO,NAPOLI,Campania,89.61,-14.5,-7.5103,-16.1851,66.67,-10.7906,-7.8618,-8.2297,324.0,82.9,87.41
441.0,OTTAVIANO,NAPOLI,Campania,89.57,-25.75,-3.7905,-9.5901,61.85,-5.9315,2.3175,2.7288,367.0,70.0,85.32
442.0,CASTELLANETA,TARANTO,Puglia,89.48,-20.5,-3.2792,-4.0448,88.41,-3.576,-7.3474,-11.08,233.0,80.77,88.6
443.0,LICATA,AGRIGENTO,Sicilia,89.42,-25.75,-1.2976,-19.705,62.01,-12.2191,0.9575,0.1094,329.0,75.29,84.24
444.0,NOCERA INFERIORE,SALERNO,Campania,89.35,-20.75,-5.6247,-9.4439,65.04,-6.1423,-4.0229,-4.0511,1436.0,83.14,86.66
445.0,STRONGOLI,CROTONE,Calabria,89.28,-17.0,-8.8366,,0.0,0.0,-12.2616,-4.558,19.0,48.95,87.15
446.0,POLISTENA,REGGIO CALABRIA,Calabria,88.89,-18.75,-5.1232,-10.2054,65.61,-6.6958,-10.1809,-10.6752,410.0,77.54,87.29
447.0,LENTINI,SIRACUSA,Sicilia,88.79,-16.0,-7.2415,-10.0199,58.06,-5.8176,-9.1915,-15.7884,372.0,86.01,87.9
447.0,OLBIA,SASSARI,Sardegna,88.79,-14.75,-10.3639,-4.2736,52.48,-2.2428,-10.7031,-11.2197,423.0,85.86,88.48
449.0,SAPRI,SALERNO,Campania,88.71,-17.5,-11.7238,-11.3275,68.8,-7.7933,-0.7937,-2.0493,234.0,84.96,86.52
450.0,GIOIA TAURO,REGGIO CALABRIA,Calabria,88.52,-23.0,-3.7216,-20.3,100.0,-20.3,1.3497,-2.2765,196.0,78.08,84.38
451.0,CARBONIA,SUD SARDEGNA,Sardegna,88.16,-17.5,-11.1297,-11.466,54.18,-6.2123,-6.4776,-5.5173,347.0,82.55,87.16
452.0,ACERRA,NAPOLI,Campania,87.98,-24.75,-6.2906,3.8903,19.09,0.7427,-5.3093,-7.0046,351.0,74.21,86.38
453.0,FASANO,BRINDISI,Puglia,87.87,-15.75,-12.4737,5.5102,49.82,2.7452,-10.0146,-15.2193,273.0,86.11,90.33
454.0,CASORIA,NAPOLI,Campania,87.85,-17.25,-8.5649,-16.461,47.96,-7.8947,-10.4295,-12.7989,540.0,86.82,85.92
455.0,OPPIDO MAMERTINA,REGGIO CALABRIA,Calabria,87.82,-20.75,-6.3009,-24.4316,57.33,-14.0066,-3.1191,-9.9781,75.0,54.71,82.84
456.0,ANGRI,SALERNO,Campania,87.8,-22.5,-8.6995,-8.8162,56.75,-5.0032,-2.5288,-5.3129,578.0,70.39,85.75
457.0,TERZIGNO,NAPOLI,Campania,87.71,-23.25,-7.7679,-11.469,61.07,-7.0041,-4.2063,-3.1613,131.0,60.47,84.6
458.0,SAN BIAGIO DI CALLALTA,TREVISO,Veneto,87.55,-9.0,-21.7198,,0.0,0.0,-3.0628,-13.9273,20.0,40.3,85.87
459.0,IGLESIAS,SUD SARDEGNA,Sardegna,87.47,-26.75,-7.1583,-10.6481,52.73,-5.6147,0.3259,-1.3695,275.0,73.9,84.07
460.0,CASTEL VOLTURNO,CASERTA,Campania,87.44,-20.5,6.3553,-12.397,90.72,-11.2466,-36.8236,-28.0362,194.0,73.24,82.3
461.0,BRENZONE SUL GARDA,VERONA,Veneto,87.42,-16.25,-15.3445,10.1338,52.17,5.2868,-8.0314,-12.5034,46.0,52.17,87.88
462.0,ROSOLINI,SIRACUSA,Sicilia,86.32,-25.25,-8.4832,-10.437,59.35,-6.1944,-2.1362,-10.3879,123.0,64.77,84.5
463.0,NETTUNO,ROMA,Lazio,86.19,-21.0,-11.2638,-7.4405,70.48,-5.2441,-9.5283,-10.4158,315.0,82.81,84.43
464.0,ERICE,TRAPANI,Sicilia,86.09,-25.25,-4.5454,0.9841,100.0,0.9841,-19.5326,-16.2264,204.0,75.8,87.11
465.0,TAORMINA,MESSINA,Sicilia,85.74,-32.5,-0.9454,-2.6132,100.0,-2.6132,-9.7226,-13.1964,113.0,58.19,83.77
466.0,CASAL DI PRINCIPE,CASERTA,Campania,85.54,-14.5,-15.8321,-22.2286,100.0,-22.2286,-5.0892,-11.1616,94.0,59.5,84.29
467.0,PAGANI,SALERNO,Campania,85.14,-14.25,-17.4118,-3.2785,56.82,-1.8628,-16.745,-19.1626,711.0,70.0,87.69
468.0,ORTA NOVA,FOGGIA,Puglia,84.87,-28.5,-9.0901,-6.8909,61.15,-4.2138,-7.1816,-8.3075,139.0,63.62,82.97
469.0,SAN GIUSEPPE VESUVIANO,NAPOLI,Campania,84.68,-30.0,-6.6735,-23.2937,100.0,-23.2937,0.7462,-2.2755,137.0,63.89,78.61
470.0,SINISCOLA,NUORO,Sardegna,82.99,-29.75,-12.4246,-5.1986,53.68,-2.7906,-8.2504,-11.4455,136.0,66.59,81.63
471.0,PACHINO,SIRACUSA,Sicilia,81.43,-26.5,-17.0667,-5.7137,45.83,-2.6186,-12.5888,-17.9807,192.0,79.13,81.48
472.0,TEMPIO PAUSANIA,SASSARI,Sardegna,79.37,-22.75,-27.9632,-14.8286,66.32,-9.8343,-7.152,-11.7816,95.0,61.64,80.22
473.0,SAVIANO,NAPOLI,Campania,74.31,-28.75,-28.2308,-20.631,56.3,-11.6153,-22.0745,-23.783,119.0,71.41,74.08
474.0,CORBARA,SALERNO,Campania,62.85,-35.5,-42.2814,-3.8824,35.94,-1.3953,-47.4439,-50.4739,64.0,48.28,66.46
