comune,provincia,regione,docente_media_superiori_pct,docente_delta_italia_punti,eduscopio_rel_punti_indirizzo,eduscopio_rel_z_indirizzo,eduscopio_score_assoluto_pesato,peso_diplomati_eduscopio,indirizzi_eduscopio,indice_unico_base100,licei_universita_rel_punti,licei_universita_score_assoluto,licei_universita_peso,tecnici_misto_rel_punti,tecnici_misto_score_assoluto,tecnici_misto_peso,professionali_lavoro_rel_punti,professionali_lavoro_score_assoluto,professionali_lavoro_peso
FOSSANO,CUNEO,Piemonte,85.25,32.25,20.5988,1.9738,74.3033,478.0,7,125.26,20.3074,84.044,164.0,23.598,72.669,262.0,6.4066,51.817,52.0
MERATE,LECCO,Lombardia,82.5,29.5,10.5725,1.1606,68.6437,396.0,5,118.14,13.9987,82.1641,201.0,7.0409,54.7073,195.0,,,0.0
DESIO,MONZA E DELLA BRIANZA,Lombardia,87.75,34.75,6.7293,0.6632,71.9756,387.0,5,117.94,6.6539,77.0145,291.0,6.9576,56.7015,96.0,,,0.0
THIENE,VICENZA,Veneto,78.25,25.25,12.5121,1.2746,67.0738,483.0,9,117.61,11.2568,74.4283,199.0,13.3917,61.9205,284.0,,,0.0
PRESEZZO,BERGAMO,Lombardia,74.0,21.0,12.6656,1.2875,69.0781,360.0,9,116.0,12.7375,75.6989,209.0,12.8884,59.5368,103.0,11.8744,60.7239,48.0
LONATO DEL GARDA,BRESCIA,Lombardia,74.75,21.75,10.9697,0.8718,62.4889,219.0,3,115.28,-4.1246,61.1716,25.0,12.9148,62.6587,194.0,,,0.0
CUNEO,CUNEO,Piemonte,67.25,14.25,15.7371,1.6063,70.8797,1030.0,15,115.14,14.2347,76.6658,507.0,18.953,66.6658,368.0,13.0165,61.9582,155.0
VILLORBA,TREVISO,Veneto,65.0,12.0,16.4671,1.4066,66.0091,410.0,3,114.68,12.9453,79.6,42.0,17.32,67.064,185.0,16.4131,61.8235,183.0
SONDRIO,SONDRIO,Lombardia,73.75,20.75,10.3231,1.1236,63.1132,550.0,11,114.49,9.7537,72.602,186.0,11.563,58.9871,310.0,5.1661,54.1161,54.0
CITTADELLA,PADOVA,Veneto,73.75,20.75,10.2603,0.9718,66.4085,473.0,10,114.46,8.1959,74.2653,214.0,11.1849,58.5933,238.0,20.819,74.9175,21.0
RIVAROLO CANAVESE,TORINO,Piemonte,78.5,25.5,6.5223,0.5327,68.1899,178.0,5,114.11,2.9621,72.1778,109.0,12.1463,61.8902,69.0,,,0.0
MONTEBELLUNA,TREVISO,Veneto,73.0,20.0,9.9722,1.0316,67.6212,612.0,11,113.98,9.7508,74.2887,331.0,11.4333,59.6215,217.0,6.1635,60.262,64.0
RIVA DEL GARDA,TRENTO,Trentino-Alto Adige,76.0,23.0,7.5285,0.8331,66.9734,243.0,7,113.72,10.8971,77.4571,150.0,2.0951,50.0644,93.0,,,0.0
MIRANO,VENEZIA,Veneto,71.0,18.0,10.281,0.9736,66.2704,697.0,9,113.37,8.3924,75.7622,274.0,10.9138,59.1533,369.0,15.5399,66.7423,54.0
VITTORIO VENETO,TREVISO,Veneto,65.25,12.25,14.0137,1.4359,67.3688,528.0,11,113.31,14.2358,76.4038,221.0,11.697,59.5654,108.0,15.0243,61.5699,199.0
DALMINE,BERGAMO,Lombardia,73.0,20.0,8.7531,0.7727,60.5138,394.0,6,113.25,11.0059,75.4893,87.0,11.1727,60.1536,236.0,-2.0499,43.3605,71.0
LOVERE,BERGAMO,Lombardia,74.5,21.5,7.6641,0.7826,64.0291,281.0,9,113.2,6.8204,70.306,155.0,12.3787,61.1619,82.0,1.8501,47.2605,44.0
CLES,TRENTO,Trentino-Alto Adige,72.25,19.25,8.8865,0.8579,65.0789,288.0,8,113.03,7.4219,72.191,163.0,10.7963,55.8046,125.0,,,0.0
VILLAFRANCA DI VERONA,VERONA,Veneto,71.5,18.5,9.2472,0.944,68.9696,308.0,10,112.95,8.1261,73.0393,229.0,12.6389,57.0125,56.0,12.1516,57.562,23.0
BASSANO DEL GRAPPA,VICENZA,Veneto,71.5,18.5,9.2087,0.8982,64.0814,1352.0,17,112.93,8.2378,73.0775,581.0,10.9235,58.8973,587.0,6.8038,52.2142,184.0
VALDAGNO,VICENZA,Veneto,65.5,12.5,12.6856,1.2194,67.5285,307.0,10,112.61,11.5238,75.809,119.0,13.585,62.4103,147.0,12.8327,61.8455,41.0
SAN BONIFACIO,VERONA,Veneto,76.0,23.0,5.5332,0.4982,63.4008,414.0,9,112.52,2.541,66.992,245.0,9.8712,58.1945,169.0,,,0.0
ARZIGNANO,VICENZA,Veneto,70.0,17.0,9.5115,0.9024,65.5874,304.0,7,112.51,9.841,72.0322,167.0,9.1099,57.7313,137.0,,,0.0
CARATE BRIANZA,MONZA E DELLA BRIANZA,Lombardia,72.25,19.25,7.3146,0.6241,64.6831,298.0,8,112.09,5.4435,68.7524,179.0,8.0885,57.8325,83.0,14.8336,60.244,36.0
CONEGLIANO,TREVISO,Veneto,64.75,11.75,12.2321,1.1644,65.305,951.0,12,112.04,11.3496,77.493,282.0,12.6289,60.7576,418.0,12.5628,59.1847,251.0
CESANO MADERNO,MONZA E DELLA BRIANZA,Lombardia,74.75,21.75,5.1821,0.4801,60.6998,350.0,7,111.81,2.1297,66.9251,186.0,8.6439,53.6395,164.0,,,0.0
RICCIONE,RIMINI,Emilia-Romagna,63.75,10.75,12.3444,1.1211,71.7072,311.0,4,111.71,5.3344,75.6828,174.0,,,0.0,21.2476,66.658,137.0
SCHIO,VICENZA,Veneto,67.25,14.25,9.9024,0.8986,64.9247,994.0,13,111.64,5.4675,68.4003,444.0,15.0474,63.545,313.0,11.4161,60.2358,237.0
MORBEGNO,SONDRIO,Lombardia,65.0,12.0,10.9664,1.1385,66.0344,229.0,7,111.38,12.9448,79.0231,90.0,13.7126,59.3065,69.0,5.7156,55.9666,70.0
VICENZA,VICENZA,Veneto,68.75,15.75,7.8619,0.767,63.3085,2167.0,31,111.02,5.8439,68.3077,1116.0,12.464,60.2702,630.0,6.3242,54.6032,421.0
FELTRE,BELLUNO,Veneto,66.0,13.0,9.6985,0.9552,64.938,370.0,12,111.02,9.3881,76.6127,141.0,9.7634,58.4042,136.0,10.0742,56.7925,93.0
PORDENONE,PORDENONE,Friuli-Venezia Giulia,68.75,15.75,7.8514,0.8153,64.9842,1218.0,15,111.01,7.5312,74.112,573.0,7.8797,56.3373,468.0,8.8131,58.2976,177.0
CASTELLANA GROTTE,BARI,Puglia,71.25,18.25,6.1547,0.6288,53.8355,374.0,4,110.99,,,0.0,1.2037,50.4914,219.0,13.1501,58.5605,155.0
TRENTO,TRENTO,Trentino-Alto Adige,70.0,17.0,6.8646,0.7174,66.541,1275.0,15,110.92,5.3036,70.6392,850.0,9.9865,58.3448,425.0,,,0.0
BUSNAGO,MONZA E DELLA BRIANZA,Lombardia,85.5,32.5,-3.6147,-0.3525,63.04,18.0,2,110.83,-3.6147,63.04,18.0,,,0.0,,,0.0
BERGAMO,BERGAMO,Lombardia,69.5,16.5,7.0154,0.7555,63.152,3560.0,45,110.81,6.6948,70.3819,1857.0,7.8663,55.657,1247.0,5.9939,54.2051,456.0
SAN LAZZARO DI SAVENA,BOLOGNA,Emilia-Romagna,69.0,16.0,7.1935,0.6223,60.8387,409.0,7,110.72,2.692,64.2304,169.0,10.3633,58.4505,240.0,,,0.0
LECCO,LECCO,Lombardia,69.25,16.25,6.9942,0.6897,62.4953,1205.0,26,110.7,6.6175,69.4245,622.0,9.4505,56.9452,388.0,3.3083,51.4365,195.0
BRENO,BRESCIA,Lombardia,64.5,11.5,10.126,1.0921,67.7674,318.0,9,110.68,12.356,76.1495,175.0,11.8941,61.638,83.0,1.1756,51.7989,60.0
BORGOMANERO,NOVARA,Piemonte,65.0,12.0,9.7538,0.7637,63.4472,325.0,6,110.65,4.6157,71.6409,129.0,13.1356,58.0544,196.0,,,0.0
REMEDELLO,BRESCIA,Lombardia,66.25,13.25,8.8637,0.6266,56.5446,87.0,2,110.62,-1.6366,71.51,10.0,10.2274,54.601,77.0,,,0.0
BELLUNO,BELLUNO,Veneto,64.75,11.75,9.7096,1.0144,65.6996,609.0,14,110.53,7.8771,72.1109,305.0,13.5195,61.6191,219.0,6.4688,53.208,85.0
MOGLIANO VENETO,TREVISO,Veneto,77.0,24.0,1.3644,0.0962,66.1824,260.0,9,110.42,1.3416,68.2376,232.0,1.5529,49.1533,28.0,,,0.0
PIOVE DI SACCO,PADOVA,Veneto,68.5,15.5,6.9705,0.6474,60.7287,390.0,9,110.38,6.834,71.649,163.0,8.6645,54.6139,172.0,2.0771,47.4875,55.0
SALUZZO,CUNEO,Piemonte,64.25,11.25,9.7647,0.966,66.1995,486.0,11,110.36,9.0614,72.3556,297.0,13.139,58.1525,124.0,6.5412,53.4219,65.0
CIAMPINO,ROMA,Lazio,69.5,16.5,6.2534,0.7077,73.0292,332.0,5,110.35,9.6,80.2858,277.0,-10.6017,36.4824,55.0,,,0.0
ADRO,BRESCIA,Lombardia,83.75,30.75,-4.1662,-0.5619,64.5415,59.0,3,109.8,-4.1662,64.5415,59.0,,,0.0,,,0.0
VERONA,VERONA,Veneto,67.5,14.5,6.6662,0.6254,63.0385,3843.0,61,109.8,4.2573,68.2385,2066.0,9.6071,56.6996,1295.0,9.09,57.781,482.0
UDINE,UDINE,Friuli-Venezia Giulia,68.75,15.75,5.5232,0.5371,62.7323,2320.0,23,109.61,3.9285,71.6104,1101.0,6.5557,54.7055,873.0,7.9925,54.7338,346.0
TREVISO,TREVISO,Veneto,66.0,13.0,7.3301,0.7177,62.6734,2246.0,28,109.6,6.6172,69.7142,1182.0,8.0201,54.1118,734.0,8.3488,56.4973,330.0
TRESCORE BALNEARIO,BERGAMO,Lombardia,62.25,9.25,9.8266,1.067,66.1963,434.0,8,109.6,11.5192,75.1741,259.0,11.7994,57.5366,95.0,2.0041,47.4145,80.0
ESTE,PADOVA,Veneto,66.0,13.0,7.1323,0.6942,61.5983,493.0,11,109.48,8.8927,72.8559,188.0,6.0666,54.6374,243.0,5.9708,54.7443,62.0
MONSELICE,PADOVA,Veneto,67.5,14.5,5.9904,0.5762,58.9704,311.0,7,109.39,4.3522,69.4073,90.0,8.7507,56.5182,186.0,-4.4659,45.1644,35.0
BUSTO ARSIZIO,VARESE,Lombardia,64.75,11.75,7.683,0.8913,61.6828,1358.0,18,109.31,8.0557,69.4713,719.0,7.1393,52.9114,433.0,7.5252,52.9356,206.0
ERBA,COMO,Lombardia,69.75,16.75,4.2606,0.4632,61.2097,354.0,8,109.26,5.7516,68.4443,227.0,1.5957,48.2786,127.0,,,0.0
CESENA,FORLI'-CESENA,Emilia-Romagna,61.25,8.25,9.9045,0.9722,66.2634,1479.0,12,109.24,7.8233,72.1401,745.0,13.535,62.0041,459.0,9.4828,57.4522,275.0
ROVIGO,ROVIGO,Veneto,64.5,11.5,7.5945,0.7128,61.8778,691.0,15,109.16,6.8078,68.4435,299.0,9.0201,57.4559,334.0,3.4403,53.4944,58.0
PADOVA,PADOVA,Veneto,66.0,13.0,6.5619,0.6456,63.3603,3586.0,52,109.14,5.1753,70.2417,1817.0,8.5143,56.3245,1291.0,6.5598,56.2051,478.0
URBINO,PESARO E URBINO,Marche,65.5,12.5,6.7693,0.6435,62.9906,439.0,9,109.06,2.572,65.9402,220.0,10.9858,60.0276,219.0,,,0.0
CASTELFRANCO VENETO,TREVISO,Veneto,58.0,5.0,11.6522,1.0623,62.0948,1164.0,17,108.99,8.6015,72.9088,228.0,15.017,62.9851,395.0,10.4812,56.8873,541.0
DOLO,VENEZIA,Veneto,58.5,5.5,11.2589,1.0937,65.4756,456.0,7,108.96,12.0777,75.892,215.0,9.2722,55.265,101.0,11.4346,56.845,140.0
FINALE EMILIA,MODENA,Emilia-Romagna,71.5,18.5,2.0569,0.2335,59.5244,320.0,6,108.63,2.9722,65.5219,193.0,0.666,50.41,127.0,,,0.0
CIVIDALE DEL FRIULI,UDINE,Friuli-Venezia Giulia,57.25,4.25,11.4835,0.8314,67.7953,212.0,6,108.59,4.2659,76.502,50.0,8.958,57.9077,85.0,18.958,73.0565,77.0
CORREGGIO,REGGIO EMILIA,Emilia-Romagna,62.75,9.75,7.8041,0.7706,63.2053,402.0,10,108.58,8.5349,74.2044,180.0,7.5303,54.7513,113.0,6.8812,53.806,109.0
RAVENNA,RAVENNA,Emilia-Romagna,64.75,11.75,6.4529,0.6128,62.4886,1153.0,13,108.57,4.0023,66.3194,616.0,8.7649,57.5376,448.0,11.7768,60.8968,89.0
BRESCIA,BRESCIA,Lombardia,67.0,14.0,4.9111,0.5148,61.5866,3667.0,50,108.55,2.619,66.6943,2012.0,8.9892,57.0118,1155.0,4.7139,51.6012,500.0
VIGNOLA,MODENA,Emilia-Romagna,63.0,10.0,7.4152,0.6164,64.3133,510.0,8,108.45,3.4473,71.4205,251.0,13.7137,58.7114,179.0,5.7718,54.5489,80.0
SAN VITO AL TAGLIAMENTO,PORDENONE,Friuli-Venezia Giulia,62.5,9.5,7.5613,0.7292,64.8899,268.0,6,108.34,8.9049,76.2519,134.0,3.0364,49.0292,94.0,13.694,64.1001,40.0
CALCINATE,BERGAMO,Lombardia,73.5,20.5,0.2271,0.0248,64.4538,73.0,3,108.34,0.2271,64.4538,73.0,,,0.0,,,0.0
JESI,ANCONA,Marche,59.5,6.5,9.4304,0.9758,65.7027,732.0,14,108.26,11.4032,72.6072,424.0,5.5702,54.3448,267.0,14.1665,68.265,41.0
ALBA,CUNEO,Piemonte,56.75,3.75,11.0177,1.0798,66.3377,810.0,11,108.11,7.9114,71.3075,394.0,12.3481,61.1781,275.0,17.1031,62.5135,141.0
MONCALIERI,TORINO,Piemonte,66.25,13.25,4.6674,0.3881,61.4545,546.0,5,108.1,5.7128,73.1788,228.0,3.9178,53.0483,318.0,,,0.0
LODI,LODI,Lombardia,65.0,12.0,5.2829,0.511,60.4884,937.0,12,107.97,3.4168,67.7952,479.0,9.1324,54.8095,346.0,1.3721,46.7825,112.0
VIMERCATE,MONZA E DELLA BRIANZA,Lombardia,65.25,12.25,4.9995,0.4991,61.6339,617.0,11,107.9,7.2008,73.9728,279.0,3.984,52.0949,232.0,1.4282,50.0351,106.0
MANTOVA,MANTOVA,Lombardia,63.0,10.0,6.4973,0.6318,61.8288,1248.0,19,107.9,5.8421,68.8574,616.0,8.0311,55.5658,474.0,4.4506,53.2153,158.0
IMOLA,BOLOGNA,Emilia-Romagna,63.5,10.5,6.0736,0.5355,61.6285,833.0,12,107.84,6.8921,71.8137,345.0,5.7114,54.5608,371.0,4.8089,54.0065,117.0
BORGOSESIA,VERCELLI,Piemonte,55.5,2.5,11.3196,0.9159,69.0767,158.0,5,107.79,8.4074,72.1873,75.0,13.9903,63.7342,34.0,13.924,68.0225,49.0
FAENZA,RAVENNA,Emilia-Romagna,60.5,7.5,7.608,0.7031,61.6806,700.0,12,107.56,6.9591,72.7433,252.0,4.2391,51.8935,298.0,15.3912,62.5392,150.0
ABANO TERME,PADOVA,Veneto,58.25,5.25,9.0195,0.7791,59.6291,267.0,5,107.51,-2.8499,66.867,53.0,0.4778,47.2208,75.0,18.1541,63.5645,139.0
PARABIAGO,MILANO,Lombardia,65.75,12.75,4.0095,0.4335,61.1106,381.0,6,107.51,4.2521,69.0395,219.0,3.6814,50.3921,162.0,,,0.0
CODOGNO,LODI,Lombardia,62.0,9.0,6.4479,0.6128,63.2077,351.0,7,107.47,5.6986,74.6306,134.0,4.5448,53.5694,146.0,11.7754,61.4687,71.0
ROVERETO,TRENTO,Trentino-Alto Adige,66.0,13.0,3.7591,0.3816,57.222,744.0,16,107.46,6.1374,67.744,326.0,3.8615,51.7071,292.0,-2.6314,42.779,126.0
SARONNO,VARESE,Lombardia,63.25,10.25,5.5564,0.5536,60.5083,1076.0,24,107.43,6.5355,69.5315,503.0,2.829,50.4715,372.0,8.1538,56.5034,201.0
LISSONE,MONZA E DELLA BRIANZA,Lombardia,68.0,15.0,2.1756,0.2829,56.2552,332.0,7,107.31,6.278,72.9339,114.0,-3.6186,41.3973,121.0,4.5822,55.1875,97.0
CHIARI,BRESCIA,Lombardia,62.5,9.5,5.7248,0.4966,54.1149,281.0,5,107.23,-3.0153,58.5152,33.0,8.3935,55.5999,170.0,3.6061,49.0165,78.0
SACILE,PORDENONE,Friuli-Venezia Giulia,58.5,5.5,8.3467,0.7971,63.8686,281.0,7,107.21,7.0428,68.8897,151.0,7.7017,53.6945,95.0,15.723,69.8215,35.0
TRADATE,VARESE,Lombardia,65.5,12.5,3.6462,0.451,58.2523,618.0,10,107.19,9.0596,73.3717,276.0,-0.7225,46.0507,342.0,,,0.0
MONZA,MONZA E DELLA BRIANZA,Lombardia,65.25,12.25,3.7401,0.4066,60.8576,2093.0,33,107.14,4.5022,67.5781,1277.0,0.5883,48.1856,448.0,4.9327,52.9637,368.0
SEREGNO,MONZA E DELLA BRIANZA,Lombardia,66.25,13.25,3.0462,0.3594,55.9076,585.0,13,107.13,3.0496,61.4546,305.0,-0.7739,46.2773,241.0,26.6261,72.0365,39.0
VERBANIA,VERBANO-CUSIO-OSSOLA,Piemonte,65.0,12.0,3.8823,0.4291,59.7325,527.0,9,107.13,1.1414,66.5419,243.0,6.2067,54.0299,267.0,6.5536,51.964,17.0
CORSICO,MILANO,Lombardia,70.5,17.5,-0.0978,-0.085,56.5544,337.0,6,106.94,-1.2016,61.0761,204.0,1.5953,49.6188,133.0,,,0.0
MONTAGNANA,PADOVA,Veneto,58.5,5.5,7.8509,0.6615,60.819,166.0,7,106.91,1.1351,64.601,69.0,3.9394,49.9322,15.0,14.2176,59.628,82.0
CREMA,CREMONA,Lombardia,63.25,10.25,4.5927,0.4128,59.8153,1198.0,17,106.86,4.2072,67.585,564.0,5.5532,53.1517,475.0,3.0904,52.1618,159.0
PARMA,PARMA,Emilia-Romagna,63.5,10.5,4.4249,0.4119,62.499,2354.0,22,106.85,4.4215,69.6341,1354.0,5.0552,53.3103,776.0,2.2619,51.2018,224.0
FIDENZA,PARMA,Emilia-Romagna,64.5,11.5,3.4859,0.2601,59.7419,374.0,7,106.69,3.3506,71.5794,155.0,4.7283,53.3058,164.0,0.1626,45.573,55.0
OSIMO,ANCONA,Marche,56.75,3.75,8.0663,0.8714,67.9076,217.0,7,106.34,8.4122,77.9747,120.0,10.2225,55.6138,70.0,0.939,55.0375,27.0
DESENZANO DEL GARDA,BRESCIA,Lombardia,60.0,7.0,5.634,0.6827,61.1461,376.0,9,106.18,7.5129,71.8767,200.0,5.6679,51.138,127.0,-2.1229,43.2875,49.0
OVADA,ALESSANDRIA,Piemonte,59.0,6.0,6.2879,0.5132,62.8312,118.0,5,106.17,1.6318,69.0122,65.0,11.9983,55.2509,53.0,,,0.0
ROMANO DI LOMBARDIA,BERGAMO,Lombardia,59.5,6.5,5.9543,0.6493,62.2818,353.0,7,106.17,7.3373,67.9713,265.0,17.4748,58.135,38.0,-10.1314,35.279,50.0
MACERATA,MACERATA,Marche,63.0,10.0,3.6174,0.422,59.2756,783.0,18,106.17,3.5434,68.7767,365.0,4.4013,52.0713,349.0,0.0447,45.4551,69.0
SAVIGLIANO,CUNEO,Piemonte,57.75,4.75,7.0752,0.6251,60.2282,262.0,9,106.15,7.2499,78.1837,76.0,6.21,50.4351,123.0,8.5536,57.6875,63.0
RIMINI,RIMINI,Emilia-Romagna,59.0,6.0,5.9896,0.5611,62.4788,1681.0,23,105.99,2.8944,67.1735,906.0,7.6728,55.3646,510.0,13.3324,60.1198,265.0
ASTI,ASTI,Piemonte,57.5,4.5,6.9349,0.5848,62.7831,891.0,20,105.96,6.0877,70.1371,395.0,6.7333,55.3533,287.0,8.8128,59.0869,209.0
GALLARATE,VARESE,Lombardia,61.0,8.0,4.6034,0.412,58.6099,940.0,12,105.96,4.4098,70.396,340.0,2.9007,50.2408,409.0,8.5939,55.5509,191.0
BIELLA,BIELLA,Piemonte,60.75,7.75,4.6502,0.4182,60.8223,883.0,13,105.89,2.604,66.938,463.0,3.6276,50.9076,308.0,15.9212,62.8055,112.0
FANO,PESARO E URBINO,Marche,61.75,8.75,3.6716,0.3164,62.6081,629.0,12,105.7,2.3813,68.1391,400.0,3.135,49.3918,169.0,13.7851,62.9604,60.0
IVREA,TORINO,Piemonte,60.5,7.5,4.3433,0.4223,61.148,794.0,14,105.61,3.6188,67.6738,484.0,7.144,52.152,245.0,-0.818,46.4637,65.0
LEGNANO,MILANO,Lombardia,63.75,10.75,2.1338,0.0913,59.6587,722.0,14,105.58,-3.3877,63.6481,366.0,9.3694,54.9841,244.0,4.4137,56.8056,112.0
MODENA,MODENA,Emilia-Romagna,64.25,11.25,1.7938,0.1509,58.0265,2607.0,27,105.58,1.1881,65.6784,1262.0,3.9985,52.4711,902.0,-0.9694,47.5397,443.0
GORIZIA,GORIZIA,Friuli-Venezia Giulia,62.0,9.0,3.2197,0.3062,59.5739,499.0,18,105.53,3.7372,67.4365,254.0,2.3261,50.86,186.0,3.8094,53.1957,59.0
RECANATI,MACERATA,Marche,59.5,6.5,4.8888,0.4968,64.003,364.0,7,105.53,6.6745,71.3146,224.0,1.206,50.95,123.0,8.0055,62.104,17.0
ALBENGA,SAVONA,Liguria,71.75,18.75,-3.3145,-0.3747,57.8406,285.0,8,105.51,-2.6264,61.9492,235.0,-1.1111,43.2625,16.0,-9.1074,36.303,34.0
TOLMEZZO,UDINE,Friuli-Venezia Giulia,60.25,7.25,4.1212,0.3775,59.4491,276.0,10,105.37,1.6739,67.4998,108.0,3.7637,52.5205,76.0,7.2895,55.7218,92.0
PIACENZA,PIACENZA,Emilia-Romagna,57.5,4.5,5.8958,0.541,61.4713,1681.0,21,105.34,2.2509,64.9912,901.0,10.7308,58.5661,518.0,8.8712,55.1106,262.0
BOLOGNA,BOLOGNA,Emilia-Romagna,62.5,9.5,2.5454,0.2185,62.0591,3750.0,49,105.33,1.6803,67.3194,2395.0,5.6916,54.2743,912.0,0.7459,49.6473,443.0
BRA,CUNEO,Piemonte,52.75,-0.25,8.9622,0.7753,62.4186,432.0,10,105.28,6.2943,72.1287,155.0,5.7655,51.3535,132.0,14.7241,62.1118,145.0
COMO,COMO,Lombardia,61.75,8.75,2.9155,0.3155,58.0065,1739.0,30,105.25,2.6213,66.9645,782.0,2.5001,50.6844,672.0,4.702,50.6916,285.0
CARPI,MODENA,Emilia-Romagna,55.5,2.5,7.0681,0.6354,62.2665,710.0,10,105.24,6.5486,68.3918,334.0,7.2598,55.4914,253.0,8.0846,59.5696,123.0
PAVIA,PAVIA,Lombardia,60.25,7.25,3.8591,0.4148,61.0208,1590.0,20,105.22,3.9228,69.362,852.0,6.9821,55.4628,389.0,0.2225,46.8528,349.0
GRUGLIASCO,TORINO,Piemonte,63.5,10.5,1.6841,0.1315,55.1847,451.0,8,105.21,4.7314,65.7436,167.0,-0.1077,48.9758,284.0,,,0.0
MAGENTA,MILANO,Lombardia,62.5,9.5,2.3108,0.2423,62.9263,525.0,11,105.19,2.1542,66.2046,410.0,1.1242,46.7053,59.0,4.7079,56.0138,56.0
TRIESTE,TRIESTE,Friuli-Venezia Giulia,62.5,9.5,2.2946,0.2623,59.9002,1296.0,28,105.18,3.8355,68.1029,779.0,0.1968,47.9768,401.0,-0.8011,46.0323,116.0
ODERZO,TREVISO,Veneto,56.5,3.5,6.2611,0.6103,58.2637,314.0,11,105.16,4.1954,66.7081,100.0,9.3068,56.1391,143.0,3.0363,50.6493,71.0
GEMONA DEL FRIULI,UDINE,Friuli-Venezia Giulia,55.75,2.75,6.6981,0.5833,59.3091,210.0,7,105.12,12.5643,82.465,48.0,2.3446,47.5528,97.0,8.8629,59.7535,65.0
DOMODOSSOLA,VERBANO-CUSIO-OSSOLA,Piemonte,55.5,2.5,6.7028,0.6693,61.6618,320.0,11,105.02,5.7305,69.5864,162.0,6.4501,51.3533,107.0,10.3216,58.1169,51.0
CHIAVENNA,SONDRIO,Lombardia,56.5,3.5,5.8942,0.563,57.8444,178.0,6,104.94,2.5442,70.1261,44.0,0.7477,45.8687,39.0,9.5585,57.0723,95.0
LUGO,RAVENNA,Emilia-Romagna,52.5,-0.5,8.4434,0.8008,65.0039,478.0,9,104.87,7.4157,72.4834,239.0,9.2869,56.6932,138.0,9.7229,58.6602,101.0
CASALE MONFERRATO,ALESSANDRIA,Piemonte,63.0,10.0,1.4168,0.0378,58.6458,548.0,10,104.85,-1.4652,61.1966,354.0,6.6758,53.9912,194.0,,,0.0
PORTOGRUARO,VENEZIA,Veneto,60.25,7.25,3.2179,0.2211,60.145,660.0,10,104.83,-0.1511,63.8953,352.0,8.0092,56.176,176.0,5.8135,55.4363,132.0
ADRIA,ROVIGO,Veneto,54.25,1.25,7.0158,0.6516,59.5749,492.0,9,104.71,5.0272,70.3832,158.0,8.6825,56.8635,132.0,7.4822,52.8926,202.0
AREZZO,AREZZO,Toscana,57.5,4.5,4.6027,0.4252,61.4399,1121.0,16,104.56,3.1504,67.6868,589.0,7.3536,55.3945,445.0,0.364,50.0685,87.0
CASTELLANZA,VARESE,Lombardia,57.25,4.25,4.7335,0.1794,55.9333,178.0,4,104.54,-14.3111,48.19,16.0,3.7462,52.9543,133.0,19.769,73.8675,29.0
VARESE,VARESE,Lombardia,60.25,7.25,2.7316,0.2939,60.1122,1258.0,22,104.54,3.6738,67.5648,751.0,-2.4903,45.3453,275.0,5.8716,53.4915,232.0
ALBANO LAZIALE,ROMA,Lazio,72.0,19.0,-5.1566,-0.6351,63.6362,186.0,3,104.51,-5.1566,63.6362,186.0,,,0.0,,,0.0
GORLA MINORE,VARESE,Lombardia,77.75,24.75,-9.0366,-1.0298,64.11,14.0,2,104.48,-9.0366,64.11,14.0,,,0.0,,,0.0
RHO,MILANO,Lombardia,60.0,7.0,2.739,0.1789,56.7128,816.0,11,104.44,0.8047,64.5306,284.0,2.054,50.235,306.0,6.0972,55.6595,226.0
LONIGO,VICENZA,Veneto,48.5,-4.5,10.3488,0.8889,59.2689,314.0,5,104.41,,,0.0,10.5146,58.9367,239.0,9.8201,60.3275,75.0
PISTOIA,PISTOIA,Toscana,55.75,2.75,5.5056,0.5049,61.2501,1101.0,16,104.4,4.7854,65.8593,638.0,10.0397,59.0556,237.0,2.784,50.5394,226.0
CHIVASSO,TORINO,Piemonte,64.5,11.5,-0.5151,-0.1376,57.0485,412.0,8,104.29,0.2738,64.3312,249.0,-3.5235,46.2205,84.0,0.1971,45.6075,79.0
TREVIGLIO,BERGAMO,Lombardia,60.25,7.25,2.1622,0.2003,54.9468,913.0,19,104.2,1.7562,61.7255,409.0,2.6265,49.7173,463.0,0.9686,46.379,41.0
SESTO FIORENTINO,FIRENZE,Toscana,62.75,9.75,0.4737,0.0742,59.3208,410.0,7,104.18,1.3286,64.0132,317.0,-2.4402,43.3264,93.0,,,0.0
VIGEVANO,PAVIA,Lombardia,60.5,7.5,1.8563,0.1741,57.3232,501.0,14,104.11,0.2542,65.5726,225.0,4.0222,51.1223,228.0,-0.9218,48.1086,48.0
VENEZIA,VENEZIA,Veneto,58.5,5.5,3.1895,0.2175,58.8714,2225.0,44,104.11,-0.6572,64.4036,1092.0,6.1494,52.8889,913.0,9.9991,56.2388,220.0
SIENA,SIENA,Toscana,55.25,2.25,5.2283,0.4844,62.5722,957.0,15,104.04,5.4031,71.3465,472.0,4.8667,54.1771,372.0,5.6883,53.5591,113.0
OMEGNA,VERBANO-CUSIO-OSSOLA,Piemonte,49.25,-3.75,9.132,0.9541,65.2511,167.0,5,103.98,11.7416,76.3695,75.0,14.6704,60.6633,29.0,3.4759,54.1268,63.0
LUINO,VARESE,Lombardia,63.0,10.0,-0.0432,0.1185,56.8194,315.0,7,103.97,4.2909,67.9697,199.0,-7.4785,37.6907,116.0,,,0.0
LEGNAGO,VERONA,Veneto,57.25,4.25,3.6677,0.3552,57.0771,670.0,12,103.9,3.6842,66.2955,266.0,8.6838,57.1238,210.0,-1.7848,44.3869,194.0
MELEGNANO,MILANO,Lombardia,59.5,6.5,2.0446,0.1045,57.6077,182.0,5,103.83,-1.41,63.7368,92.0,5.5444,51.5373,55.0,5.6256,51.036,35.0
CREMONA,CREMONA,Lombardia,57.0,4.0,3.6158,0.3357,58.8037,1410.0,23,103.77,2.0282,64.6524,686.0,5.7689,53.9347,456.0,4.016,52.1171,268.0
PINEROLO,TORINO,Piemonte,55.0,2.0,4.8466,0.4712,60.779,1043.0,18,103.71,3.7513,66.6458,578.0,5.0224,52.9977,193.0,7.0492,53.8331,272.0
ARONA,NOVARA,Piemonte,64.0,11.0,-1.1695,-0.1358,62.7365,202.0,5,103.7,-1.3872,68.4114,152.0,-0.5078,45.485,50.0,,,0.0
CERNUSCO SUL NAVIGLIO,MILANO,Lombardia,56.0,3.0,3.8397,0.2305,56.66,414.0,7,103.5,-2.1885,54.7508,120.0,9.3346,57.7832,154.0,2.9625,57.061,140.0
ASSISI,PERUGIA,Umbria,52.0,-1.0,6.3826,0.5895,62.4999,456.0,10,103.43,2.0233,65.7747,252.0,-3.7058,44.7296,43.0,15.9004,62.1203,161.0
VOLTERRA,PISA,Toscana,56.5,3.5,3.3429,0.1481,59.5774,137.0,7,103.41,-2.716,65.0836,67.0,9.4821,54.4629,40.0,8.6891,54.0995,30.0
CIVITANOVA MARCHE,MACERATA,Marche,61.25,8.25,-0.0209,0.0147,59.7414,485.0,12,103.29,-0.8862,65.0667,336.0,1.2468,47.2467,99.0,3.2841,48.6945,50.0
CASALECCHIO DI RENO,BOLOGNA,Emilia-Romagna,51.75,-1.25,6.2777,0.5812,58.8772,550.0,6,103.27,3.3293,66.2949,218.0,5.7767,51.7695,218.0,12.8741,58.2845,114.0
MERCATO SAN SEVERINO,SALERNO,Campania,59.75,6.75,0.6134,0.1297,63.3856,173.0,6,103.07,3.1189,69.2815,150.0,-15.7267,24.9335,23.0,,,0.0
SUSA,TORINO,Piemonte,60.0,7.0,0.3214,-0.0466,52.8948,149.0,5,102.99,-3.9419,57.5449,70.0,12.9364,57.31,56.0,-17.4179,27.9925,23.0
FERRARA,FERRARA,Emilia-Romagna,52.25,-0.75,5.4803,0.4868,61.0998,1699.0,22,102.99,4.9194,67.8232,904.0,3.5135,51.3495,488.0,10.2586,56.801,307.0
SAN DONATO MILANESE,MILANO,Lombardia,64.25,11.25,-2.5611,-0.3242,56.1261,407.0,7,102.96,-6.5945,63.7721,201.0,1.4156,49.1323,168.0,1.1921,46.6025,38.0
PONTEDERA,PISA,Toscana,57.75,4.75,1.7121,0.1123,59.1027,906.0,12,102.93,0.6654,65.6808,469.0,3.2823,51.4265,340.0,1.2696,54.2037,97.0
ANCONA,ANCONA,Marche,56.0,3.0,2.8553,0.3531,60.5361,1096.0,18,102.91,4.8082,71.0281,582.0,0.8034,49.0939,410.0,0.0155,46.9296,104.0
SAN SEVERINO MARCHE,MACERATA,Marche,50.5,-2.5,6.4961,0.4618,56.24,99.0,3,102.9,,,0.0,6.4961,56.24,99.0,,,0.0
CECINA,LIVORNO,Toscana,55.0,2.0,3.48,0.2021,61.8098,348.0,9,102.89,-2.1553,63.9294,219.0,7.1641,52.1731,79.0,22.3416,67.752,50.0
SASSUOLO,MODENA,Emilia-Romagna,54.5,1.5,3.8034,0.2883,58.2186,742.0,12,102.88,1.8355,64.8611,323.0,4.902,52.3528,303.0,6.4133,55.0443,116.0
CENTO,FERRARA,Emilia-Romagna,54.25,1.25,3.9608,0.3502,58.4751,460.0,9,102.88,4.6178,68.0149,196.0,3.7124,51.0088,190.0,2.8582,52.3778,74.0
NOVARA,NOVARA,Piemonte,54.5,1.5,3.7628,0.3668,58.7477,1444.0,25,102.86,3.3054,65.7631,675.0,3.0998,51.5046,548.0,6.8038,55.2806,221.0
VOGHERA,PAVIA,Lombardia,57.75,4.75,1.4692,0.1067,57.732,565.0,15,102.78,-0.5233,64.2479,258.0,5.8645,54.9914,231.0,-5.1262,43.9424,76.0
SPOLETO,PERUGIA,Umbria,54.5,1.5,3.5262,0.2854,57.7674,394.0,10,102.72,-0.2483,64.9829,163.0,2.4499,47.6901,71.0,7.8491,54.8885,160.0
SENIGALLIA,ANCONA,Marche,51.75,-1.25,5.3575,0.4419,61.8841,735.0,11,102.71,1.9529,66.9806,373.0,2.2325,49.6378,162.0,14.2385,62.2987,200.0
NICOTERA,VIBO VALENTIA,Calabria,85.0,32.0,-16.8456,-1.7361,41.0729,74.0,2,102.69,-14.9205,55.83,38.0,-18.8776,25.496,36.0,,,0.0
FABRIANO,ANCONA,Marche,54.75,1.75,3.2494,0.2931,62.174,313.0,10,102.65,5.1523,71.7576,173.0,-1.419,47.4547,125.0,20.2055,74.304,15.0
PIOMBINO,LIVORNO,Toscana,44.25,-8.75,10.1872,1.0005,63.8901,258.0,9,102.61,8.1471,71.2094,101.0,14.0016,61.4138,74.0,9.2687,57.1914,83.0
SAN BENEDETTO DEL TRONTO,ASCOLI PICENO,Marche,51.75,-1.25,5.1296,0.5128,63.4444,682.0,9,102.58,4.0503,71.5365,370.0,5.6924,51.6852,102.0,6.7577,54.8987,210.0
MEDA,MONZA E DELLA BRIANZA,Lombardia,52.0,-1.0,4.9507,0.6108,62.0949,353.0,5,102.57,9.4104,78.2221,177.0,,,0.0,0.4656,45.876,176.0
MILANO,MILANO,Lombardia,61.5,8.5,-1.4726,-0.1677,57.4794,12430.0,194,102.52,-2.2601,63.6895,7843.0,-2.6823,44.3139,2656.0,3.4898,50.2181,1892.0
ASCOLI PICENO,ASCOLI PICENO,Marche,55.0,2.0,2.8268,0.2609,58.4153,819.0,16,102.5,2.4368,68.8658,314.0,2.2438,51.424,366.0,5.2431,53.2162,139.0
SORRENTO,NAPOLI,Campania,53.25,0.25,3.7909,0.32,61.7871,418.0,6,102.37,2.322,71.6109,217.0,0.7762,46.769,136.0,15.0026,60.413,65.0
GENZANO DI ROMA,ROMA,Lazio,62.25,9.25,-2.3622,-0.2665,57.7654,275.0,4,102.28,-3.0946,67.577,160.0,-1.3433,44.1145,115.0,,,0.0
CHIERI,TORINO,Piemonte,59.25,6.25,-0.4356,0.0014,58.8741,412.0,9,102.24,-0.5456,68.5085,228.0,1.7619,49.488,145.0,-7.9629,37.4475,39.0
FERMO,FERMO,Marche,58.25,5.25,0.1357,0.0878,55.7819,962.0,16,102.18,-0.8949,61.1373,464.0,2.1708,50.8826,407.0,-3.7115,50.387,91.0
CASTEL SAN PIETRO TERME,BOLOGNA,Emilia-Romagna,40.5,-12.5,11.847,1.0047,58.8536,194.0,4,102.11,-8.9647,57.69,14.0,5.1532,51.146,21.0,14.5636,59.974,159.0
EMPOLI,FIRENZE,Toscana,53.0,0.0,3.4914,0.3247,59.8715,843.0,14,102.09,5.0675,67.8698,480.0,1.2806,49.1212,270.0,1.7748,49.801,93.0
CHIOGGIA,VENEZIA,Veneto,55.0,2.0,2.1023,0.1646,58.8791,284.0,8,102.06,0.9008,65.9845,152.0,1.8246,49.6361,99.0,8.4696,53.88,33.0
MONTESILVANO,PESCARA,Abruzzo,60.25,7.25,-1.4004,-0.1351,58.6265,280.0,4,102.06,4.4872,73.755,159.0,-9.137,38.7469,121.0,,,0.0
CHIAVARI,GENOVA,Liguria,58.25,5.25,-0.1839,-0.0178,57.4201,468.0,11,101.99,-0.4759,62.1519,321.0,-1.2382,45.041,87.0,2.9068,50.0548,60.0
PERUGIA,PERUGIA,Umbria,57.75,4.75,-0.05,-0.0252,60.5558,1758.0,21,101.87,0.3474,67.5356,1112.0,-1.2389,47.6562,517.0,1.2885,52.0868,129.0
GORGONZOLA,MILANO,Lombardia,59.25,6.25,-1.0873,-0.138,53.0217,347.0,8,101.85,-3.9734,58.5088,152.0,1.1624,48.7446,195.0,,,0.0
LUCCA,LUCCA,Toscana,51.25,-1.75,4.2328,0.3994,60.0474,1238.0,21,101.84,4.816,67.4806,648.0,2.5475,50.5081,411.0,5.9909,55.0416,179.0
BORGO SAN LORENZO,FIRENZE,Toscana,51.0,-2.0,4.3999,0.2924,58.1786,294.0,8,101.84,-0.7961,65.4177,100.0,-0.0688,47.6773,92.0,13.5245,60.5533,102.0
PRATO,PRATO,Toscana,51.0,-2.0,4.3458,0.3477,61.0898,1683.0,25,101.81,-1.2238,63.9442,836.0,10.2567,58.8383,568.0,9.0011,57.1207,279.0
CONVERSANO,BARI,Puglia,68.75,15.75,-7.4954,-0.8227,55.53,429.0,7,101.8,-5.6156,59.1216,391.0,,,0.0,-26.8369,18.5735,38.0
MATERA,MATERA,Basilicata,53.0,0.0,2.963,0.3186,59.1811,1035.0,14,101.78,2.6534,67.621,494.0,4.2089,53.1759,309.0,1.9627,49.2081,232.0
SAVONA,SAVONA,Liguria,53.0,0.0,2.899,0.3216,60.3682,884.0,13,101.74,3.3357,67.1329,514.0,0.3967,49.5361,273.0,7.6275,55.0084,97.0
NOVI LIGURE,ALESSANDRIA,Piemonte,53.25,0.25,2.7339,0.214,58.2689,411.0,9,101.74,5.629,69.293,206.0,-0.9261,47.328,141.0,1.4786,46.889,64.0
CARRARA,MASSA-CARRARA,Toscana,56.5,3.5,0.5174,0.0009,60.041,401.0,13,101.71,1.2854,66.0839,274.0,-1.1395,47.0035,127.0,,,0.0
SANTA TERESA DI RIVA,MESSINA,Sicilia,60.5,7.5,-2.1813,-0.2359,67.1406,214.0,5,101.69,-2.1813,67.1406,214.0,,,0.0,,,0.0
MIRANDOLA,MODENA,Emilia-Romagna,53.75,0.75,2.2427,0.0896,57.246,383.0,7,101.65,-0.4477,65.2134,135.0,3.4622,51.844,179.0,4.3429,55.6713,69.0
PISA,PISA,Toscana,53.0,0.0,2.7135,0.2587,61.247,1224.0,18,101.63,2.566,70.1926,662.0,0.4198,49.1866,334.0,6.5016,52.9408,228.0
SAN MINIATO,PISA,Toscana,50.5,-2.5,4.344,0.3274,58.6492,232.0,5,101.61,0.9221,65.0682,99.0,6.8912,53.8711,133.0,,,0.0
MONFALCONE,GORIZIA,Friuli-Venezia Giulia,54.75,1.75,1.4579,0.038,58.2861,195.0,7,101.57,-1.4259,62.9565,115.0,15.5043,56.1645,29.0,-0.0267,48.9612,51.0
PESARO,PESARO E URBINO,Marche,50.5,-2.5,4.2375,0.4311,61.1521,1280.0,17,101.54,2.12,66.8933,685.0,6.9211,55.1892,244.0,6.5043,54.0929,351.0
ARCO,TRENTO,Trentino-Alto Adige,51.75,-1.25,3.3168,0.1825,55.0757,43.0,2,101.49,-14.5847,52.07,12.0,10.2464,56.2392,31.0,,,0.0
ABBIATEGRASSO,MILANO,Lombardia,59.0,6.0,-1.5364,-0.2612,55.9166,374.0,7,101.48,-6.2928,59.5676,221.0,8.81,54.0711,104.0,-2.0434,43.367,49.0
VIESTE,FOGGIA,Puglia,40.5,-12.5,10.793,0.9235,62.5296,130.0,3,101.48,-0.9866,72.16,29.0,2.4789,48.4718,31.0,19.3551,64.7655,70.0
TERNI,TERNI,Umbria,59.75,6.75,-2.5173,-0.2928,57.5669,973.0,14,101.19,-2.0868,64.8481,622.0,-4.9621,43.5653,185.0,-1.4058,45.8888,166.0
MAGLIE,LECCE,Puglia,58.75,5.75,-1.9188,-0.1423,55.8353,1006.0,14,101.15,-0.782,65.9307,519.0,-4.511,43.8318,340.0,0.0632,47.9559,147.0
FOLIGNO,PERUGIA,Umbria,53.0,0.0,1.6473,0.1874,57.9527,728.0,12,100.99,0.9705,65.6096,356.0,5.4602,53.3622,279.0,-7.2005,42.4138,93.0
ACIREALE,CATANIA,Sicilia,52.5,-0.5,1.9629,0.3908,60.6052,800.0,19,100.98,7.6031,71.8953,529.0,-5.7619,41.5077,237.0,-31.9444,18.0656,34.0
TORINO,TORINO,Piemonte,56.75,3.75,-0.9102,-0.1043,57.272,7600.0,113,100.95,-0.5547,64.9358,4480.0,-2.7808,45.0727,1746.0,0.3076,47.7857,1374.0
ALESSANDRIA,ALESSANDRIA,Piemonte,54.25,1.25,0.7183,0.0743,58.9743,657.0,14,100.93,-0.0825,64.5568,394.0,5.6995,54.0367,200.0,-10.0871,39.7363,63.0
TODI,PERUGIA,Umbria,56.5,3.5,-0.8094,-0.2042,56.7155,287.0,7,100.91,-6.6277,58.5518,146.0,3.6497,52.4165,119.0,13.684,67.7825,22.0
GROSSETO,GROSSETO,Toscana,50.0,-3.0,3.4837,0.2945,59.2928,797.0,13,100.89,2.2333,69.9364,334.0,1.4318,49.386,331.0,11.7927,57.2031,132.0
PESCIA,PISTOIA,Toscana,50.5,-2.5,3.1081,0.3151,56.5804,506.0,12,100.86,8.9001,73.7814,154.0,-0.8099,47.4727,219.0,2.8532,51.6604,133.0
TRIGGIANO,BARI,Puglia,61.25,8.25,-4.2911,-0.4601,53.573,368.0,6,100.73,-4.3954,63.5489,230.0,-4.1173,36.9466,138.0,,,0.0
VITERBO,VITERBO,Lazio,52.25,-0.75,1.5194,0.18,59.626,960.0,16,100.61,3.9297,67.8472,607.0,-1.9531,44.8716,251.0,-4.2786,47.0091,102.0
CAMPOBASSO,CAMPOBASSO,Molise,55.25,2.25,-0.4759,0.0528,56.1319,728.0,12,100.61,3.4655,69.6699,325.0,-2.0066,46.8793,306.0,-8.8526,39.9613,97.0
ALASSIO,SAVONA,Liguria,43.0,-10.0,7.611,0.5638,56.8817,101.0,3,100.57,-15.9658,46.3965,23.0,,,0.0,14.5631,59.9735,78.0
GROTTAFERRATA,ROMA,Lazio,61.75,8.75,-4.9024,-0.486,61.638,339.0,6,100.56,-2.4246,68.6944,278.0,-16.1948,29.4794,61.0,,,0.0
ISCHIA,NAPOLI,Campania,50.75,-2.25,2.3745,0.2179,60.4686,344.0,6,100.52,1.4988,68.4029,203.0,,,0.0,3.6351,49.0455,141.0
ISERNIA,ISERNIA,Molise,54.25,1.25,0.0416,0.0107,58.7769,384.0,10,100.52,1.97,65.6756,261.0,-4.0504,44.1382,123.0,,,0.0
VIAREGGIO,LUCCA,Toscana,46.5,-6.5,5.2011,0.5138,62.5355,571.0,11,100.52,2.5797,68.3505,338.0,4.1288,49.0309,144.0,16.8916,62.302,89.0
VARALLO,VERCELLI,Piemonte,41.25,-11.75,8.6867,0.8687,58.2298,201.0,5,100.51,8.5152,73.632,41.0,6.2874,52.2803,39.0,9.5181,54.9285,121.0
ISOLA DELLA SCALA,VERONA,Veneto,45.25,-7.75,6.0079,0.5261,51.7252,317.0,2,100.5,,,0.0,8.2277,54.2205,167.0,3.5366,48.947,150.0
PAVULLO NEL FRIGNANO,MODENA,Emilia-Romagna,53.25,0.25,0.5857,-0.0404,54.3839,236.0,6,100.45,1.2607,66.1313,83.0,-0.5261,47.0133,114.0,2.3987,50.9279,39.0
GUBBIO,PERUGIA,Umbria,54.25,1.25,-0.0861,-0.0958,56.7756,305.0,6,100.45,-1.5118,65.0508,133.0,0.0845,48.9922,157.0,10.7695,64.868,15.0
VASTO,CHIETI,Abruzzo,59.0,6.0,-3.339,-0.3114,54.6174,633.0,12,100.4,-1.352,64.1084,357.0,-5.9093,42.341,276.0,,,0.0
RENDE,COSENZA,Calabria,62.0,9.0,-5.4192,-0.6316,59.8503,369.0,5,100.35,-5.2963,64.8818,295.0,-4.5346,41.4582,37.0,-7.2839,38.1265,37.0
ANDRIA,BARLETTA-ANDRIA-TRANI,Puglia,49.5,-3.5,2.7619,0.3442,56.8234,865.0,13,100.26,5.5912,71.3165,337.0,6.9043,53.8462,416.0,-21.1376,24.2728,112.0
RAGUSA,RAGUSA,Sicilia,51.25,-1.75,1.4816,0.1558,58.0977,741.0,16,100.19,2.6148,67.7008,377.0,0.7736,48.8783,261.0,-0.8718,46.3099,103.0
COMISO,RAGUSA,Sicilia,51.5,-1.5,1.2603,0.1094,62.934,164.0,7,100.16,-1.8475,70.21,99.0,5.5899,51.5828,50.0,7.3396,52.75,15.0
GENOVA,GENOVA,Liguria,50.75,-2.25,1.7148,0.1363,60.1369,4293.0,58,100.13,1.0763,66.3289,2612.0,-0.9678,47.4344,970.0,7.7202,54.7191,711.0
CHIETI,CHIETI,Abruzzo,53.25,0.25,-0.0065,-0.022,57.4224,785.0,15,100.1,0.6292,66.5512,381.0,-0.0484,48.696,319.0,-2.6988,49.2532,85.0
CINISELLO BALSAMO,MILANO,Lombardia,63.5,10.5,-6.8309,-0.6601,51.3339,582.0,8,100.1,-7.3323,61.8022,273.0,-4.6741,43.3758,217.0,-10.4298,39.0413,92.0
TORTONA,ALESSANDRIA,Piemonte,57.0,4.0,-2.5044,-0.3608,56.3819,291.0,9,100.1,-6.8888,57.8681,189.0,8.7787,57.7224,75.0,-3.1554,42.255,27.0
SOMMA VESUVIANA,NAPOLI,Campania,56.25,3.25,-2.1397,-0.2029,58.9682,472.0,8,100.02,-0.5527,71.6759,261.0,-1.3001,46.3247,185.0,-24.0441,21.3663,26.0
POTENZA,POTENZA,Basilicata,51.75,-1.25,0.6494,0.1213,59.7178,1186.0,14,99.89,4.197,69.3783,764.0,-1.1685,48.5755,126.0,-7.7334,39.5262,296.0
LIVORNO,LIVORNO,Toscana,49.0,-4.0,2.4796,0.2247,58.0409,1244.0,19,99.89,1.7479,65.0598,624.0,3.5245,50.9531,524.0,1.5315,51.1049,96.0
MORTARA,PAVIA,Lombardia,49.0,-4.0,2.4427,0.2595,57.3556,248.0,5,99.87,1.7977,66.7447,120.0,6.3177,52.3105,21.0,2.4056,47.816,107.0
MOLFETTA,BARI,Puglia,48.25,-4.75,2.8773,0.2781,56.2494,966.0,14,99.83,1.2533,66.5676,340.0,-2.9348,44.8939,249.0,8.1808,54.4439,377.0
BARLETTA,BARLETTA-ANDRIA-TRANI,Puglia,54.0,1.0,-1.065,0.0142,56.8412,868.0,14,99.76,3.6338,69.2411,482.0,-0.2153,47.6027,191.0,-13.512,35.24,195.0
SANSEPOLCRO,AREZZO,Toscana,54.25,1.25,-1.4744,-0.2169,56.3798,239.0,10,99.62,-3.1607,60.923,152.0,1.9622,47.955,54.0,0.6698,49.2395,33.0
APRILIA,LATINA,Lazio,49.75,-3.25,1.5014,0.1521,59.8908,472.0,7,99.6,1.0761,66.9546,257.0,1.4561,50.5436,200.0,9.393,63.4915,15.0
GRAVINA IN PUGLIA,BARI,Puglia,57.25,4.25,-3.5402,-0.3926,57.5765,313.0,8,99.58,-2.5157,67.1148,183.0,-6.4417,40.7882,94.0,-1.172,52.9265,36.0
RIVOLI,TORINO,Piemonte,55.75,2.75,-2.6782,-0.2738,54.4343,621.0,12,99.49,-1.6862,62.5023,356.0,-4.9026,43.4324,199.0,-1.3224,44.088,66.0
VERCELLI,VERCELLI,Piemonte,49.0,-4.0,1.2374,0.1075,56.5426,633.0,15,99.14,3.4847,65.9062,314.0,0.5236,48.6292,197.0,-3.394,45.2211,122.0
ORVIETO,TERNI,Umbria,54.5,1.5,-2.4832,-0.3614,58.3636,288.0,10,99.11,-4.9172,59.4383,231.0,0.3628,41.023,11.0,9.0592,57.1138,46.0
FIRENZE,FIRENZE,Toscana,48.5,-4.5,1.4461,0.1162,58.8053,4047.0,71,99.07,-0.0247,65.3909,2193.0,0.6409,48.8135,1042.0,6.4515,53.8413,812.0
AUGUSTA,SIRACUSA,Sicilia,50.25,-2.75,0.2455,0.0613,59.5107,286.0,9,99.05,1.8596,68.4396,188.0,-2.8509,42.3819,98.0,,,0.0
ROSETO DEGLI ABRUZZI,TERAMO,Abruzzo,55.25,2.25,-3.4876,-0.3706,55.9021,354.0,9,98.81,-2.1793,63.2841,223.0,-6.384,40.7538,95.0,-3.949,50.1495,36.0
TRANI,BARLETTA-ANDRIA-TRANI,Puglia,48.75,-4.25,0.633,0.1102,59.4431,479.0,8,98.68,1.2038,67.0126,312.0,-4.7126,41.2803,93.0,4.9446,50.355,74.0
SANREMO,IMPERIA,Liguria,56.25,3.25,-4.3713,-0.5329,54.1715,394.0,10,98.68,-5.6087,62.2399,220.0,-2.5939,42.761,99.0,-3.0878,45.5662,75.0
PATTI,MESSINA,Sicilia,51.25,-1.75,-1.2549,-0.1188,56.7461,270.0,8,98.55,-1.3586,67.1873,126.0,-2.3124,46.0214,133.0,12.72,66.8185,11.0
CIVEZZANO,TRENTO,Trentino-Alto Adige,44.75,-8.25,3.0598,0.2337,49.9287,75.0,3,98.54,,,0.0,2.9967,50.2611,59.0,3.2926,48.703,16.0
CASARANO,LECCE,Puglia,55.0,2.0,-3.838,-0.3667,53.2308,714.0,12,98.5,-3.4155,62.2862,357.0,-4.3561,43.5603,327.0,-3.218,50.8805,30.0
MELFI,POTENZA,Basilicata,53.25,0.25,-2.6641,-0.2563,50.6789,348.0,9,98.5,-0.4262,65.4332,109.0,-4.01,44.1119,148.0,-3.1558,43.6867,91.0
PESCARA,PESCARA,Abruzzo,54.0,1.0,-3.2163,-0.3741,55.5961,2041.0,28,98.47,-4.2696,62.3349,1228.0,-2.5559,44.6455,547.0,0.2883,47.0051,266.0
LA SPEZIA,LA SPEZIA,Liguria,50.25,-2.75,-0.7338,-0.1802,56.2898,1206.0,17,98.46,-3.6859,61.0547,670.0,-1.9133,45.7423,338.0,11.2692,58.1715,198.0
GUASTALLA,REGGIO EMILIA,Emilia-Romagna,43.75,-9.25,3.516,0.3817,55.8358,258.0,7,98.41,5.325,66.5514,93.0,10.0078,57.6082,63.0,-2.143,44.9709,102.0
OSTIGLIA,MANTOVA,Lombardia,39.0,-14.0,6.6874,0.58,60.3065,233.0,8,98.41,7.023,71.0062,85.0,7.188,56.932,53.0,6.1079,52.6157,95.0
IMPERIA,IMPERIA,Liguria,52.0,-1.0,-2.1906,-0.2168,54.0677,546.0,12,98.29,-1.5809,62.0555,271.0,-5.1699,43.2945,214.0,5.5525,56.3751,61.0
CICCIANO,NAPOLI,Campania,50.5,-2.5,-1.2194,-0.0622,55.1112,417.0,5,98.27,2.3763,69.5749,209.0,,,0.0,-4.8324,40.578,208.0
LIMBIATE,MONZA E DELLA BRIANZA,Lombardia,48.25,-4.75,0.2649,0.0237,47.4992,285.0,3,98.26,,,0.0,0.5762,48.1346,242.0,-1.4874,43.923,43.0
GIARRE,CATANIA,Sicilia,52.75,-0.25,-2.8881,-0.1908,52.6708,739.0,11,98.17,1.0963,65.011,374.0,-7.0455,42.2006,151.0,-6.9181,38.4923,214.0
CASTELVETRANO,TRAPANI,Sicilia,51.25,-1.75,-1.9906,-0.2212,56.3004,435.0,8,98.11,-0.7201,65.3917,269.0,-6.8746,39.1183,59.0,-2.4914,42.919,107.0
AVEZZANO,L'AQUILA,Abruzzo,54.5,1.5,-4.2745,-0.4483,56.1477,696.0,12,98.04,-4.1649,62.522,465.0,-2.5512,45.6463,199.0,-16.5844,28.826,32.0
TRICASE,LECCE,Puglia,59.25,6.25,-7.4574,-0.7391,55.2704,368.0,9,98.03,-4.6802,62.1469,285.0,-13.4172,36.3268,28.0,-18.8142,29.2816,55.0
VENTIMIGLIA,IMPERIA,Liguria,49.0,-4.0,-0.6453,0.0261,58.4676,210.0,7,98.01,2.696,70.1139,130.0,-6.7708,38.9201,59.0,-4.1199,41.2905,21.0
CALUSO,TORINO,Piemonte,50.75,-2.25,-1.8436,-0.2336,51.2831,240.0,7,97.99,-6.4908,57.3253,90.0,-1.1396,47.277,65.0,2.5386,47.949,85.0
MANDURIA,TARANTO,Puglia,56.75,3.75,-5.8631,-0.5858,54.7359,289.0,7,97.98,-4.2555,62.0881,209.0,-10.8097,34.8381,61.0,-7.6659,37.7445,19.0
PENNE,PESCARA,Abruzzo,51.0,-2.0,-2.0406,-0.2345,53.603,114.0,6,97.98,0.874,66.1684,57.0,-4.9553,41.0375,57.0,,,0.0
RAPALLO,GENOVA,Liguria,54.75,1.75,-4.5594,-0.5695,54.8071,270.0,7,97.96,-5.9417,57.2086,201.0,-2.2243,44.6552,55.0,6.113,60.2115,14.0
CORATO,BARI,Puglia,48.25,-4.75,-0.351,0.0209,52.2212,452.0,5,97.89,-0.2953,62.1287,187.0,-2.4354,43.312,165.0,2.9841,48.3945,100.0
GRAGNANO,NAPOLI,Campania,48.5,-4.5,-0.6032,0.016,58.6197,306.0,4,97.84,0.548,69.1576,179.0,-2.2258,43.767,127.0,,,0.0
MARANO DI NAPOLI,NAPOLI,Campania,55.5,2.5,-5.3717,-0.5987,57.84,511.0,6,97.78,-4.5647,60.0039,482.0,-18.7857,21.8745,29.0,,,0.0
GALATINA,LECCE,Puglia,53.25,0.25,-3.86,-0.4111,55.6548,344.0,10,97.78,-2.2331,64.4376,221.0,-2.286,44.9722,83.0,-16.1144,29.296,40.0
SAN GIOVANNI VALDARNO,AREZZO,Toscana,46.0,-7.0,0.9423,0.01,54.7438,427.0,7,97.77,-0.4053,57.9134,216.0,1.1204,49.3591,152.0,5.4171,57.0123,59.0
BENEVENTO,BENEVENTO,Campania,55.75,2.75,-5.5719,-0.4931,53.1961,1317.0,21,97.76,-1.2202,65.0069,780.0,-11.2128,37.0439,360.0,-13.2754,34.0002,177.0
AGRIGENTO,AGRIGENTO,Sicilia,56.0,3.0,-5.7461,-0.5639,54.9747,964.0,16,97.75,-3.343,64.3466,646.0,-9.5651,37.5357,217.0,-12.9114,32.499,101.0
SESTO SAN GIOVANNI,MILANO,Lombardia,51.5,-1.5,-2.8489,-0.3483,51.3179,705.0,13,97.69,-1.5386,59.4169,334.0,-2.874,46.3845,255.0,-6.5669,38.8435,116.0
MONOPOLI,BARI,Puglia,48.0,-5.0,-0.5641,-0.213,58.0495,397.0,10,97.66,-3.9467,60.4526,243.0,2.2703,51.0766,108.0,10.6499,61.7265,46.0
ARIANO IRPINO,AVELLINO,Campania,48.75,-4.25,-1.082,-0.096,53.9612,348.0,10,97.65,-0.9828,64.5692,164.0,1.3389,47.2113,106.0,-4.5804,40.83,78.0
TERMOLI,CAMPOBASSO,Molise,49.25,-3.75,-1.4614,-0.1269,52.6702,574.0,9,97.62,-0.6987,68.0643,193.0,-6.705,40.7757,241.0,6.5136,51.924,140.0
CECCANO,FROSINONE,Lazio,53.5,0.5,-4.3296,-0.3788,50.7079,346.0,5,97.6,0.1983,67.3866,151.0,-9.2061,36.7867,73.0,-7.0159,38.3945,122.0
SULMONA,L'AQUILA,Abruzzo,50.25,-2.75,-2.2058,-0.2371,68.3782,114.0,2,97.58,-2.2058,68.3782,114.0,,,0.0,,,0.0
BOLLATE,MILANO,Lombardia,49.25,-3.75,-1.6251,-0.1988,51.0355,310.0,8,97.52,-7.3249,51.2511,157.0,4.2238,50.8142,153.0,,,0.0
RIETI,RIETI,Lazio,46.75,-6.25,-0.015,0.0129,56.4166,675.0,13,97.49,0.8846,66.4801,352.0,-4.399,43.2098,152.0,2.0299,47.4403,171.0
FRANCAVILLA FONTANA,BRINDISI,Puglia,53.25,0.25,-4.6228,-0.4634,51.7752,464.0,6,97.33,-1.7755,69.4575,166.0,-4.9705,43.4132,273.0,-19.7324,25.678,25.0
MARTINA FRANCA,TARANTO,Puglia,50.5,-2.5,-2.8067,-0.1595,54.5002,614.0,11,97.32,1.0627,67.8422,303.0,-3.0969,44.8693,226.0,-15.8282,32.5464,85.0
MODICA,RAGUSA,Sicilia,40.0,-13.0,4.0468,0.455,60.8624,492.0,12,97.23,2.4413,68.3094,266.0,3.8779,51.019,98.0,7.5126,52.923,128.0
LANCIANO,CHIETI,Abruzzo,51.75,-1.25,-3.8247,-0.4233,56.0627,694.0,12,97.21,-3.1922,61.1445,492.0,-4.6079,44.3025,153.0,-7.7305,41.758,49.0
MADDALONI,CASERTA,Campania,54.5,1.5,-5.691,-0.6514,59.2113,483.0,10,97.19,-5.2406,61.2424,448.0,-16.3201,28.0535,25.0,0.7011,46.1115,10.0
ALTAMURA,BARI,Puglia,45.75,-7.25,0.1457,0.0065,55.7918,869.0,9,97.19,-0.1939,65.6668,392.0,-0.7762,47.1722,305.0,2.5543,48.5709,172.0
ACQUI TERME,ALESSANDRIA,Piemonte,47.0,-6.0,-0.6938,-0.077,55.7116,312.0,9,97.18,-0.871,62.3747,166.0,-0.8299,47.3257,111.0,0.578,50.7048,35.0
TERAMO,TERAMO,Abruzzo,49.5,-3.5,-2.4814,-0.3416,55.5493,872.0,18,97.11,-4.3666,62.0858,484.0,-0.3737,47.8967,214.0,0.1703,46.7791,174.0
MILAZZO,MESSINA,Sicilia,49.25,-3.75,-2.5614,-0.1281,50.1075,732.0,9,96.96,-0.0042,64.2881,196.0,-3.5584,45.6547,424.0,-3.2619,42.1485,112.0
ATRI,TERAMO,Abruzzo,44.75,-8.25,0.3778,0.038,57.8192,307.0,11,96.93,-0.8745,61.9821,200.0,0.9632,48.8715,47.0,4.0934,50.9518,60.0
ALCAMO,TRAPANI,Sicilia,46.25,-6.75,-0.7178,0.0152,58.7741,512.0,10,96.87,2.5947,68.237,326.0,-7.353,41.6276,172.0,3.6691,49.0795,14.0
MONTESARCHIO,BENEVENTO,Campania,47.0,-6.0,-1.2311,-0.0977,54.301,260.0,7,96.86,0.0468,63.8075,146.0,-18.9957,21.6645,10.0,-1.3169,44.0935,104.0
AVELLINO,AVELLINO,Campania,51.0,-2.0,-3.9285,-0.343,53.9559,1520.0,22,96.84,-0.7198,64.8383,873.0,-7.5125,40.5393,391.0,-9.3969,37.3371,256.0
MASSA,MASSA-CARRARA,Toscana,45.5,-7.5,-0.3229,-0.1556,55.5461,630.0,13,96.81,-7.907,55.8197,332.0,0.5057,47.5629,71.0,10.5103,57.643,227.0
BITONTO,BARI,Puglia,50.75,-2.25,-3.8967,-0.4003,54.5498,493.0,8,96.76,-3.4596,64.9599,262.0,-3.6998,43.6927,201.0,-9.0334,36.377,30.0
VILLA SAN GIOVANNI,REGGIO CALABRIA,Calabria,51.25,-1.75,-4.2596,-0.4079,48.9078,254.0,10,96.74,-2.783,59.378,114.0,-11.9102,28.75,11.0,-4.9121,41.3739,129.0
SALERNO,SALERNO,Campania,50.75,-2.25,-3.9464,-0.3532,54.1064,2560.0,38,96.73,-1.892,63.993,1546.0,-5.6695,40.5662,514.0,-8.5273,37.4565,500.0
EBOLI,SALERNO,Campania,56.5,3.5,-7.8507,-0.6695,50.3969,410.0,7,96.69,-3.4737,64.4759,240.0,-11.9706,32.403,141.0,-24.0419,21.3685,29.0
GIULIANOVA,TERAMO,Abruzzo,46.25,-6.75,-1.13,-0.2073,56.8571,266.0,6,96.62,-4.0902,64.7521,130.0,-7.5987,42.1453,45.0,6.2976,52.8537,91.0
BARI,BARI,Puglia,49.5,-3.5,-3.5592,-0.2942,54.4691,3443.0,34,96.46,-0.7173,66.2519,1936.0,-6.7343,39.9602,1010.0,-8.1766,38.0554,497.0
ADRANO,CATANIA,Sicilia,49.75,-3.25,-3.7401,-0.1333,54.1048,338.0,11,96.46,5.3907,70.9406,212.0,-19.1031,25.7779,126.0,,,0.0
BISCEGLIE,BARLETTA-ANDRIA-TRANI,Puglia,45.25,-7.75,-0.8328,0.05,54.7321,358.0,8,96.4,4.2233,68.3826,178.0,3.1982,49.191,94.0,-15.7038,32.5353,86.0
ROMA,ROMA,Lazio,51.0,-2.0,-5.0896,-0.5292,55.9911,22535.0,361,96.15,-4.336,62.3488,16135.0,-7.6525,39.5511,4189.0,-5.7327,40.7426,2211.0
CAPUA,CASERTA,Campania,50.25,-2.75,-4.5837,-0.3246,54.6745,748.0,12,96.15,0.5983,66.7161,506.0,-15.4189,29.4966,242.0,,,0.0
SANTERAMO IN COLLE,BARI,Puglia,49.5,-3.5,-4.1826,-0.3385,54.3871,137.0,6,96.09,4.0646,74.0667,64.0,-11.7851,34.2077,50.0,-10.604,43.4945,23.0
LECCE,LECCE,Puglia,52.75,-0.25,-6.3713,-0.5908,52.1203,2347.0,28,96.08,-3.3144,63.4329,1364.0,-9.8677,36.9878,733.0,-12.7981,34.767,250.0
GROTTAMMARE,ASCOLI PICENO,Marche,45.25,-7.75,-1.3631,-0.3564,51.1075,107.0,3,96.08,-26.6466,46.5,20.0,4.4492,52.1667,87.0,,,0.0
FONDI,LATINA,Lazio,56.5,3.5,-9.0654,-0.9364,47.0141,294.0,10,95.96,-9.3998,56.0638,141.0,-8.7572,38.6741,153.0,,,0.0
CORTONA,AREZZO,Toscana,42.75,-10.25,-0.1408,-0.2147,52.1526,197.0,6,95.82,-15.5267,49.6972,60.0,7.7445,55.6129,68.0,5.4673,50.8777,69.0
CASSANO MAGNAGO,VARESE,Lombardia,46.5,-6.5,-2.8037,-0.2273,37.8565,16.0,3,95.72,,,0.0,-2.8037,37.8565,16.0,,,0.0
CASERTA,CASERTA,Campania,49.0,-4.0,-4.5068,-0.3598,53.9405,1849.0,27,95.7,-0.7498,66.2208,1054.0,-8.2003,39.9103,476.0,-11.4091,34.3009,319.0
POMPEI,NAPOLI,Campania,40.75,-12.25,0.9735,0.1643,64.1944,292.0,7,95.68,2.25,67.5366,265.0,-19.0022,21.658,14.0,-3.5354,41.875,13.0
FERENTINO,FROSINONE,Lazio,46.75,-6.25,-3.2042,-0.3344,54.5663,212.0,5,95.58,0.4813,71.7208,83.0,-5.5754,43.5288,129.0,,,0.0
CAMPOSANO,NAPOLI,Campania,48.75,-4.25,-4.5977,-0.3924,38.5256,27.0,2,95.54,,,0.0,-1.4992,39.161,13.0,-7.4749,37.9355,14.0
CAIVANO,NAPOLI,Campania,46.0,-7.0,-2.8049,-0.2413,55.3633,290.0,5,95.52,-0.8918,65.5816,179.0,-3.6341,40.7395,68.0,-9.4574,35.953,43.0
CIVITAVECCHIA,ROMA,Lazio,48.5,-4.5,-4.4716,-0.4476,52.8232,535.0,10,95.52,-3.4827,62.8594,287.0,-5.3314,41.7983,204.0,-6.9354,38.475,44.0
MESSINA,MESSINA,Sicilia,46.75,-6.25,-3.487,-0.1587,54.42,1917.0,33,95.41,4.3234,69.9303,1135.0,-17.3227,29.4359,605.0,-6.2788,40.3588,177.0
REGGIO DI CALABRIA,REGGIO CALABRIA,Calabria,54.75,1.75,-8.9147,-0.8426,50.0709,1556.0,17,95.35,-5.0452,61.6039,975.0,-13.8609,32.0186,515.0,-27.4834,20.5598,66.0
CANOSA DI PUGLIA,BARLETTA-ANDRIA-TRANI,Puglia,46.75,-6.25,-3.6275,-0.4365,55.1828,245.0,7,95.32,-8.258,60.1296,139.0,-4.4367,42.7565,50.0,8.5886,53.999,56.0
FIGLINE E INCISA VALDARNO,FIRENZE,Toscana,35.75,-17.25,3.3179,0.1678,55.0021,181.0,5,95.09,-11.5221,57.3568,41.0,-1.7314,48.0125,40.0,11.4221,56.8325,100.0
ALATRI,FROSINONE,Lazio,50.5,-2.5,-6.5972,-0.7124,53.3353,230.0,7,95.04,-7.7671,59.9223,132.0,-5.8567,42.4445,78.0,-1.7635,52.335,20.0
CALTAGIRONE,CATANIA,Sicilia,45.0,-8.0,-3.0037,-0.1734,57.2663,462.0,10,95.0,1.7392,68.9242,300.0,-10.7183,34.4983,121.0,-14.9405,39.158,41.0
LADISPOLI,ROMA,Lazio,44.25,-8.75,-2.4987,-0.3245,53.4007,293.0,6,95.0,-7.3912,62.8127,124.0,-14.4957,30.8845,37.0,5.4601,50.8705,132.0
BRONTE,CATANIA,Sicilia,40.5,-12.5,-0.0405,0.1585,57.5075,255.0,7,94.98,6.1443,71.3233,135.0,-3.3126,45.1267,92.0,-19.1095,31.5758,28.0
FOGGIA,FOGGIA,Puglia,48.25,-4.75,-5.2323,-0.4716,51.6069,1749.0,19,94.96,-1.2796,65.3572,824.0,-7.3836,40.9617,644.0,-11.8924,35.6823,281.0
NOLA,NAPOLI,Campania,50.5,-2.5,-6.8522,-0.6383,52.3042,701.0,17,94.89,-4.2967,64.9456,387.0,-8.6571,37.556,233.0,-13.8694,34.3298,81.0
VEROLI,FROSINONE,Lazio,49.5,-3.5,-6.2801,-0.7512,57.1159,151.0,6,94.83,-7.2251,60.6301,121.0,,,0.0,-2.4684,42.942,30.0
TORRE DEL GRECO,NAPOLI,Campania,49.75,-3.25,-6.48,-0.4291,51.0367,768.0,14,94.81,1.8793,67.1244,437.0,-15.4985,30.9287,235.0,-22.456,27.0269,96.0
FIUMICINO,ROMA,Lazio,38.5,-14.5,0.9078,0.0219,55.3333,397.0,7,94.74,-2.6673,62.9435,183.0,-3.9931,40.3175,107.0,11.9231,57.3335,107.0
POLICORO,MATERA,Basilicata,47.5,-5.5,-5.1496,-0.4898,55.4017,170.0,5,94.71,-3.2383,65.3863,118.0,-9.4869,32.7444,52.0,,,0.0
CASTELLAMMARE DI STABIA,NAPOLI,Campania,48.0,-5.0,-5.5662,-0.4293,49.5221,1146.0,20,94.66,-0.1787,64.3163,519.0,-7.8819,38.9293,400.0,-13.803,34.3631,227.0
CATANIA,CATANIA,Sicilia,42.5,-10.5,-2.0581,-0.0521,56.7356,3495.0,54,94.57,3.3083,69.7052,2130.0,-9.7311,37.2057,886.0,-11.729,35.1868,479.0
FROSINONE,FROSINONE,Lazio,45.5,-7.5,-4.197,-0.3987,51.4083,761.0,15,94.48,0.9864,64.5925,376.0,-7.0579,40.8871,252.0,-13.4303,34.0705,133.0
SORA,FROSINONE,Lazio,49.25,-3.75,-6.7364,-0.6935,51.2643,498.0,14,94.46,-6.0422,59.7197,299.0,-8.3944,38.6815,111.0,-7.0039,38.4065,88.0
TIVOLI,ROMA,Lazio,46.0,-7.0,-4.6442,-0.496,52.7434,959.0,14,94.41,-3.8579,60.0684,533.0,-7.3396,41.4601,290.0,-1.9783,48.0956,136.0
ENNA,ENNA,Sicilia,41.5,-11.5,-1.7749,-0.0693,56.2746,344.0,11,94.34,5.0404,70.5661,200.0,-15.5422,32.385,60.0,-8.1679,39.311,84.0
MONTEROTONDO,ROMA,Lazio,46.25,-6.75,-4.9344,-0.5579,56.3545,768.0,10,94.34,-5.6054,60.5952,592.0,-1.8007,42.8844,156.0,-9.5134,35.897,20.0
TRAPANI,TRAPANI,Sicilia,44.25,-8.75,-3.7367,-0.2541,54.0915,851.0,10,94.26,1.2169,65.8739,505.0,-7.4471,41.3283,252.0,-20.4019,25.0085,94.0
LATINA,LATINA,Lazio,46.25,-6.75,-5.121,-0.6064,52.3539,1804.0,26,94.23,-6.8769,57.3517,1074.0,-3.9399,43.7938,463.0,-0.1062,47.0939,267.0
MASSAFRA,TARANTO,Puglia,45.0,-8.0,-4.4059,-0.36,54.3634,231.0,7,94.16,-1.9198,65.3877,145.0,-8.5976,35.776,86.0,,,0.0
SARNO,SALERNO,Campania,42.5,-10.5,-2.8131,-0.1433,53.6377,457.0,12,94.11,3.4236,71.24,211.0,-8.1626,38.5397,246.0,,,0.0
CATANZARO,CATANZARO,Calabria,47.25,-5.75,-6.0308,-0.5037,51.9264,1251.0,17,94.08,-0.5782,66.4363,626.0,-10.4199,38.4809,565.0,-21.589,27.1519,60.0
TARANTO,TARANTO,Puglia,49.75,-3.25,-7.7178,-0.5924,48.8832,2109.0,36,94.07,-1.8071,63.7328,1109.0,-11.3392,34.842,778.0,-24.5534,23.9095,222.0
MUSSOMELI,CALTANISSETTA,Sicilia,42.0,-11.0,-2.6768,-0.1208,52.6827,166.0,6,93.99,3.3692,73.0475,65.0,-4.2226,42.6705,50.0,-8.8669,36.5435,51.0
SANTA MARIA CAPUA VETERE,CASERTA,Campania,50.25,-2.75,-8.246,-0.6408,50.3888,480.0,14,93.95,-1.128,66.574,274.0,-13.5659,31.4661,124.0,-23.9856,24.9212,82.0
OSTUNI,BRINDISI,Puglia,49.0,-4.0,-7.4944,-0.7851,50.9046,307.0,5,93.9,-7.3411,62.963,140.0,-7.623,40.7958,167.0,,,0.0
PORTOFERRAIO,LIVORNO,Toscana,35.25,-17.75,1.6403,0.0558,54.0324,173.0,7,93.88,-7.31,54.5989,74.0,5.7817,51.0402,86.0,25.1911,70.6015,13.0
MANFREDONIA,FOGGIA,Puglia,49.25,-3.75,-7.7855,-0.7577,47.4614,495.0,9,93.83,-5.6054,56.9572,283.0,-10.6957,34.7853,212.0,,,0.0
GUIDONIA MONTECELIO,ROMA,Lazio,45.25,-7.75,-5.2173,-0.6502,56.6314,358.0,6,93.77,-4.5866,60.918,292.0,-8.0075,37.6664,66.0,,,0.0
SAN GIORGIO A CREMANO,NAPOLI,Campania,44.25,-8.75,-4.592,-0.3379,49.8982,598.0,9,93.74,3.0181,68.4248,214.0,-8.833,39.5735,384.0,,,0.0
MELITO DI NAPOLI,NAPOLI,Campania,44.25,-8.75,-4.8708,-0.4742,54.7133,181.0,5,93.58,-2.8225,66.1387,117.0,-11.0067,29.6535,40.0,-4.6299,40.7805,24.0
TARQUINIA,VITERBO,Lazio,47.75,-5.25,-7.2617,-0.8229,55.0984,180.0,6,93.54,-11.0686,60.3505,111.0,-1.1374,46.6494,69.0,,,0.0
SAN GIOVANNI ROTONDO,FOGGIA,Puglia,46.0,-7.0,-6.2079,-0.4891,47.8736,365.0,8,93.48,-6.9213,57.709,138.0,-4.0494,45.215,133.0,-8.2144,37.196,94.0
AGROPOLI,SALERNO,Campania,50.25,-2.75,-9.0523,-0.9113,53.5586,272.0,7,93.47,-6.6525,61.7436,201.0,-14.1517,30.792,61.0,-26.183,27.9155,10.0
GAETA,LATINA,Lazio,50.5,-2.5,-9.2579,-0.7901,47.6268,213.0,3,93.45,-1.3566,71.79,69.0,-13.044,36.0487,144.0,,,0.0
LOCRI,REGGIO CALABRIA,Calabria,42.0,-11.0,-3.6165,-0.3975,55.7881,484.0,10,93.43,-3.4248,60.6383,358.0,,,0.0,-4.1613,42.0075,126.0
ALGHERO,SASSARI,Sardegna,39.25,-13.75,-1.786,-0.2872,53.7853,300.0,9,93.43,-6.7467,59.4784,141.0,-3.8621,41.6523,88.0,10.6387,57.5175,71.0
SAN GIOVANNI LA PUNTA,CATANIA,Sicilia,45.0,-8.0,-5.6866,-0.4864,48.8445,411.0,7,93.39,0.64,61.5557,206.0,-12.0441,36.0713,205.0,,,0.0
COLLEFERRO,ROMA,Lazio,51.75,-1.25,-10.2189,-1.1119,48.8658,528.0,12,93.37,-12.1064,55.4197,311.0,-10.8232,35.3969,122.0,-3.2637,44.7074,95.0
CAGLIARI,CAGLIARI,Sardegna,45.5,-7.5,-6.1413,-0.6615,53.9857,2462.0,36,93.32,-5.5113,60.9122,1633.0,-7.2044,40.6217,553.0,-7.7389,39.7805,276.0
GROTTAGLIE,TARANTO,Puglia,44.25,-8.75,-5.3515,-0.4785,52.7839,307.0,10,93.29,0.5103,65.067,204.0,-13.0021,32.426,43.0,-19.7989,25.6115,60.0
MARIGLIANO,NAPOLI,Campania,46.0,-7.0,-6.5913,-0.5602,54.1818,359.0,8,93.25,-2.5532,64.6694,241.0,-14.2774,30.9059,86.0,-16.3475,37.751,32.0
BARCELLONA POZZO DI GOTTO,MESSINA,Sicilia,45.0,-8.0,-5.944,-0.4479,52.6983,429.0,12,93.23,3.0132,70.8944,221.0,-16.0942,31.8199,138.0,-14.2127,36.4106,70.0
PALMI,REGGIO CALABRIA,Calabria,44.25,-8.75,-5.4913,-0.5748,57.1822,331.0,11,93.21,-4.1545,61.0082,281.0,-8.9744,36.3917,31.0,-19.5785,34.52,19.0
PALESTRINA,ROMA,Lazio,40.5,-12.5,-3.1953,-0.2722,48.6269,327.0,7,93.08,0.3552,59.7263,136.0,-5.8367,41.5519,43.0,-5.6905,40.483,148.0
ACQUAVIVA DELLE FONTI,BARI,Puglia,43.25,-9.75,-5.1293,-0.3996,46.5425,354.0,8,93.02,-1.1587,56.9883,130.0,-5.6935,41.8663,79.0,-8.3817,39.725,145.0
TERMINI IMERESE,PALERMO,Sicilia,46.5,-6.5,-7.321,-0.6668,53.9553,285.0,10,93.01,-2.5222,68.2198,177.0,-16.5996,27.7138,92.0,-7.0555,47.043,16.0
GALLIPOLI,LECCE,Puglia,48.75,-4.25,-8.8289,-0.8674,49.8263,361.0,10,93.0,-6.3702,60.4668,218.0,-7.7919,37.4231,102.0,-24.4821,24.1069,41.0
MARCIANISE,CASERTA,Campania,52.0,-1.0,-11.1454,-0.9523,46.2876,626.0,15,92.91,-4.8125,61.4967,352.0,-12.6342,32.2885,115.0,-24.0887,22.7424,159.0
TORRE ANNUNZIATA,NAPOLI,Campania,39.5,-13.5,-3.0703,-0.1584,55.9356,543.0,12,92.76,1.9909,66.2005,372.0,-10.1547,35.7602,134.0,-28.2985,25.8,37.0
POMEZIA,ROMA,Lazio,40.5,-12.5,-3.8211,-0.4494,54.5631,698.0,12,92.71,-6.3907,60.1021,414.0,0.4385,46.6117,270.0,-9.9815,44.117,14.0
CASTROVILLARI,COSENZA,Calabria,42.25,-10.75,-5.0039,-0.4611,50.4487,430.0,12,92.7,-3.6077,63.2052,177.0,-1.2961,47.0784,126.0,-10.6282,36.0136,127.0
SOVERATO,CATANZARO,Calabria,41.25,-11.75,-4.416,-0.3496,49.8761,395.0,8,92.65,0.1062,68.8548,132.0,-13.3269,34.7396,161.0,3.7971,49.2075,102.0
FLORIDIA,SIRACUSA,Sicilia,43.0,-10.0,-5.616,-0.5312,58.0272,148.0,6,92.63,-4.3227,61.1658,137.0,-21.7227,18.9375,11.0,,,0.0
PIAZZA ARMERINA,ENNA,Sicilia,36.0,-17.0,-1.0357,0.0342,56.5658,288.0,11,92.58,3.5144,70.5579,146.0,-2.6577,44.8936,116.0,-19.3496,30.0707,26.0
CERIGNOLA,FOGGIA,Puglia,48.25,-4.75,-9.1947,-0.8955,47.7305,619.0,14,92.58,-6.9911,58.8619,319.0,-8.8929,38.11,239.0,-21.9014,27.2121,61.0
CASALNUOVO DI NAPOLI,NAPOLI,Campania,46.25,-6.75,-7.9476,-0.719,49.0922,247.0,7,92.53,-7.7215,65.1947,104.0,-7.8547,37.6498,126.0,-10.0194,35.391,17.0
ANAGNI,FROSINONE,Lazio,46.75,-6.25,-8.2986,-0.924,55.7553,317.0,11,92.52,-6.7066,59.8466,275.0,-18.723,28.9668,42.0,,,0.0
ANZIO,ROMA,Lazio,42.0,-11.0,-5.1534,-0.6176,53.6991,522.0,6,92.51,-6.29,58.9981,353.0,,,0.0,-2.7795,42.6309,169.0
SCAFATI,SALERNO,Campania,42.75,-10.25,-5.693,-0.5344,52.3569,594.0,12,92.48,-3.5782,65.048,299.0,-7.8365,39.4938,295.0,,,0.0
BRINDISI,BRINDISI,Puglia,41.25,-11.75,-4.8359,-0.4094,48.7813,1507.0,20,92.4,-3.1759,60.5638,579.0,-5.9263,41.5894,586.0,-5.7781,41.1565,342.0
LUCERA,FOGGIA,Puglia,38.5,-14.5,-3.0408,-0.2232,53.3472,402.0,10,92.38,-0.9172,64.1856,204.0,-10.321,36.9887,94.0,-0.6259,46.873,104.0
NICHELINO,TORINO,Piemonte,42.25,-10.75,-5.5708,-0.605,48.8163,272.0,7,92.36,-6.9688,54.4268,131.0,-4.2721,43.6037,141.0,,,0.0
VICO EQUENSE,NAPOLI,Campania,19.25,-33.75,9.7481,0.8397,55.1585,161.0,2,92.35,,,0.0,,,0.0,9.7481,55.1585,161.0
FRASCATI,ROMA,Lazio,41.5,-11.5,-5.0991,-0.5549,47.4559,766.0,15,92.34,-12.3651,50.3268,279.0,-0.2481,47.4552,284.0,-1.8995,43.5109,203.0
CALTANISSETTA,CALTANISSETTA,Sicilia,40.0,-13.0,-4.2608,-0.2386,50.6129,1010.0,19,92.24,4.8674,69.5387,419.0,-9.2367,39.2386,372.0,-13.2731,33.7242,219.0
BAGHERIA,PALERMO,Sicilia,40.0,-13.0,-4.3352,-0.3425,54.9882,888.0,11,92.2,0.9096,66.3475,565.0,-12.6246,33.3682,218.0,-15.347,38.7515,105.0
VAIRANO PATENORA,CASERTA,Campania,51.25,-1.75,-11.8896,-1.0905,46.4746,251.0,8,92.17,-6.614,60.7593,141.0,-6.5322,34.128,15.0,-20.5656,27.2226,95.0
FAVARA,AGRIGENTO,Sicilia,44.75,-8.25,-7.6385,-0.7299,47.2592,225.0,5,92.12,-3.5876,61.4067,109.0,,,0.0,-11.4449,33.9655,116.0
FARA IN SABINA,RIETI,Lazio,45.75,-7.25,-8.3811,-0.8969,49.9976,215.0,6,92.07,-8.7898,60.0829,120.0,-5.2613,39.6617,56.0,-11.6034,33.807,39.0
BATTIPAGLIA,SALERNO,Campania,42.5,-10.5,-6.2306,-0.5536,48.9628,622.0,16,92.06,-5.7314,62.0806,255.0,-8.2783,37.0296,179.0,-4.958,42.532,188.0
TEGGIANO,SALERNO,Campania,40.5,-12.5,-4.8962,-0.5418,60.0852,125.0,4,92.06,-4.8962,60.0852,125.0,,,0.0,,,0.0
PALERMO,PALERMO,Sicilia,41.25,-11.75,-5.5575,-0.4943,52.8073,6322.0,88,91.97,-1.9987,64.2685,3772.0,-10.6768,36.1793,1570.0,-11.0538,35.3318,980.0
SAN SEVERO,FOGGIA,Puglia,43.5,-9.5,-7.2883,-0.7141,50.1912,511.0,9,91.83,-7.6468,59.6318,274.0,-5.4902,40.0072,219.0,-23.7085,30.39,18.0
AVERSA,CASERTA,Campania,48.25,-4.75,-10.5614,-0.9014,46.1534,2257.0,29,91.76,-4.4652,62.2946,1154.0,-12.6195,33.1842,639.0,-22.889,23.8696,464.0
SANTA SEVERINA,CROTONE,Calabria,50.25,-2.75,-11.9511,-1.6009,50.9186,42.0,2,91.73,-14.3405,56.41,31.0,-5.2172,35.443,11.0,,,0.0
BRACCIANO,ROMA,Lazio,44.0,-9.0,-7.8167,-0.8227,53.5128,328.0,6,91.71,-4.3631,65.0625,211.0,-12.4621,34.6437,91.0,-19.5854,25.825,26.0
FORMIA,LATINA,Lazio,37.0,-16.0,-3.1742,-0.2622,50.7906,558.0,10,91.7,-1.3079,63.0042,228.0,-9.344,37.9693,125.0,-1.4878,45.0246,205.0
PORTICI,NAPOLI,Campania,41.0,-12.0,-5.8475,-0.4273,53.611,819.0,13,91.69,-0.0196,67.648,491.0,-13.6902,32.5716,290.0,-21.297,32.8015,38.0
GELA,CALTANISSETTA,Sicilia,43.0,-10.0,-7.3258,-0.7098,49.7679,708.0,13,91.6,-4.5274,60.5305,386.0,-8.7616,38.7997,235.0,-15.8637,31.6438,87.0
FASANO,BRINDISI,Puglia,37.25,-15.75,-3.5147,-0.4996,53.5501,273.0,9,91.59,-12.4737,55.9684,137.0,-6.4557,36.6132,37.0,9.9823,56.5336,99.0
GIUGLIANO IN CAMPANIA,NAPOLI,Campania,47.5,-5.5,-10.369,-0.847,48.3385,1136.0,15,91.58,-4.6294,65.7212,560.0,-6.7769,37.8557,334.0,-28.6086,22.5819,242.0
LAMEZIA TERME,CATANZARO,Calabria,41.25,-11.75,-6.3571,-0.5989,49.8878,863.0,11,91.49,-3.7939,61.1304,438.0,-8.2156,39.6357,329.0,-11.6824,33.728,96.0
NAPOLI,NAPOLI,Campania,41.25,-11.75,-6.3787,-0.5307,51.533,8927.0,156,91.47,-1.3568,65.7485,5029.0,-11.1711,34.5678,2253.0,-15.1674,31.3099,1645.0
VELLETRI,ROMA,Lazio,42.0,-11.0,-6.9999,-0.7688,47.8635,808.0,15,91.4,-8.4604,54.1144,414.0,-11.542,36.4762,204.0,1.0592,46.4695,190.0
TERRACINA,LATINA,Lazio,37.75,-15.25,-4.3961,-0.427,51.1898,392.0,6,91.26,-4.3152,63.541,172.0,-5.009,41.633,104.0,-3.9664,41.444,116.0
VIBO VALENTIA,VIBO VALENTIA,Calabria,39.25,-13.75,-5.3961,-0.5802,51.5955,946.0,12,91.26,-5.3413,58.2027,596.0,-9.5568,35.544,167.0,-1.7775,44.7249,183.0
VALLO DELLA LUCANIA,SALERNO,Campania,45.25,-7.75,-9.4748,-1.0099,50.8257,408.0,9,91.22,-7.9932,57.0473,288.0,-10.2947,36.4126,84.0,-19.4145,34.684,36.0
VITTORIA,RAGUSA,Sicilia,30.25,-22.75,0.425,0.0268,56.8486,405.0,13,91.16,-0.7325,64.4991,200.0,1.8573,49.2905,125.0,1.0807,49.532,80.0
SESSA AURUNCA,CASERTA,Campania,46.0,-7.0,-10.1463,-1.0182,50.6183,271.0,10,91.11,-7.3838,59.082,199.0,-18.0827,24.5319,57.0,-16.6375,37.461,15.0
PAOLA,COSENZA,Calabria,48.75,-4.25,-12.0577,-1.1259,43.4504,273.0,10,91.07,-11.8985,55.6201,110.0,-16.5073,32.3757,61.0,-9.5684,36.9493,102.0
CASSINO,FROSINONE,Lazio,43.75,-9.25,-8.9597,-0.9152,46.776,955.0,16,90.92,-9.103,55.8412,473.0,-7.9044,38.3962,366.0,-11.7052,36.2518,116.0
PIEVE DEL GRAPPA,TREVISO,Veneto,59.5,6.5,-19.5577,-1.8958,36.8383,36.0,3,90.87,-19.5577,36.8383,36.0,,,0.0,,,0.0
POZZUOLI,NAPOLI,Campania,39.75,-13.25,-6.6317,-0.5871,47.6212,1161.0,25,90.72,-3.5888,62.2693,481.0,-11.2131,35.1504,452.0,-3.9689,41.4415,228.0
SIRACUSA,SIRACUSA,Sicilia,41.5,-11.5,-7.861,-0.6641,48.6272,1246.0,29,90.68,-4.382,61.3302,654.0,-12.7007,33.6024,433.0,-8.9909,37.2938,159.0
MACOMER,NUORO,Sardegna,38.75,-14.25,-6.0636,-0.521,53.7662,85.0,4,90.66,-2.9209,69.4885,39.0,-10.3068,35.686,28.0,-6.2725,47.826,18.0
AFRAGOLA,NAPOLI,Campania,46.5,-6.5,-11.252,-0.9501,43.319,721.0,13,90.65,-2.0461,64.8983,310.0,-16.5144,28.629,265.0,-21.2472,24.1632,146.0
ORISTANO,ORISTANO,Sardegna,37.0,-16.0,-5.0681,-0.4897,53.6464,295.0,4,90.56,-1.7333,66.3309,155.0,-8.7602,39.6028,140.0,,,0.0
NUORO,NUORO,Sardegna,41.25,-11.75,-8.0091,-0.75,44.3439,296.0,7,90.49,-0.7312,61.7699,92.0,-11.2913,36.4851,204.0,,,0.0
ACRI,COSENZA,Calabria,41.75,-11.25,-8.3685,-0.7638,48.1937,255.0,9,90.48,-5.8389,62.1496,106.0,-16.3605,30.8318,87.0,-1.4785,48.6964,62.0
ERICE,TRAPANI,Sicilia,27.75,-25.25,0.9481,0.0587,46.584,204.0,2,90.47,,,0.0,-4.4523,41.5405,79.0,4.3611,49.7715,125.0
FILADELFIA,VIBO VALENTIA,Calabria,46.0,-7.0,-11.2824,-0.7791,53.7007,35.0,2,90.43,-2.6566,70.49,20.0,,,0.0,-22.7835,31.315,15.0
PARTINICO,PALERMO,Sicilia,40.0,-13.0,-7.3334,-0.5977,48.1962,516.0,12,90.4,-1.7263,63.973,224.0,-9.8515,36.3533,152.0,-13.5709,35.8112,140.0
PIEDIMONTE MATESE,CASERTA,Campania,44.5,-8.5,-10.3845,-0.9337,45.1201,389.0,9,90.37,-5.8324,61.5366,182.0,-14.9567,29.8814,122.0,-13.5689,31.8415,85.0
SCIACCA,AGRIGENTO,Sicilia,41.25,-11.75,-8.2481,-0.72,47.6541,612.0,14,90.35,-3.9897,63.672,268.0,-13.1438,33.2608,137.0,-10.5214,36.4419,207.0
COPERTINO,LECCE,Puglia,35.5,-17.5,-5.045,-0.5455,54.7252,272.0,7,89.97,-3.1734,62.5981,190.0,-7.6786,38.3143,64.0,-15.4379,29.9725,18.0
CASTELLANETA,TARANTO,Puglia,32.5,-20.5,-3.2053,-0.2405,44.7046,233.0,5,89.88,1.2989,63.8,27.0,-4.9855,39.8956,67.0,-3.2221,43.3134,139.0
MARSALA,TRAPANI,Sicilia,34.5,-18.5,-4.7167,-0.3899,51.0481,699.0,11,89.77,0.2656,65.5876,364.0,-7.4997,37.8647,219.0,-15.0968,30.3136,116.0
MAZARA DEL VALLO,TRAPANI,Sicilia,38.75,-14.25,-7.6867,-0.6372,47.4981,416.0,9,89.69,-1.9454,66.779,146.0,-11.3785,36.924,229.0,-7.5109,37.8995,41.0
COSENZA,COSENZA,Calabria,39.75,-13.25,-8.5443,-0.7949,50.0185,1417.0,22,89.57,-4.864,63.1637,736.0,-9.951,38.1224,418.0,-16.6079,32.139,263.0
CIVITA CASTELLANA,VITERBO,Lazio,38.75,-14.25,-8.0849,-0.8714,48.718,281.0,7,89.45,-8.3594,55.9625,153.0,-5.0799,43.504,97.0,-16.1329,29.2775,31.0
OLBIA,SASSARI,Sardegna,38.25,-14.75,-8.4799,-0.9795,47.038,423.0,7,89.01,-9.5636,54.7065,201.0,-7.602,40.2197,201.0,-6.5104,38.9,21.0
PAGANI,SALERNO,Campania,38.75,-14.25,-9.3811,-1.0541,44.4685,711.0,14,88.67,-17.4118,50.6943,307.0,-3.1548,39.4272,342.0,-3.9609,41.4495,62.0
SASSARI,SASSARI,Sardegna,34.5,-18.5,-7.0017,-0.7013,50.7106,1344.0,27,88.4,-4.8785,61.0202,721.0,-13.9542,35.1462,355.0,-3.5045,43.5917,268.0
LENTINI,SIRACUSA,Sicilia,37.0,-16.0,-8.8548,-0.858,44.6594,372.0,10,88.29,-7.2415,59.8154,156.0,-13.1009,29.1038,113.0,-6.6399,38.7705,103.0
BRENZONE SUL GARDA,VERONA,Veneto,36.75,-16.25,-8.8881,-0.8325,40.1067,46.0,2,88.17,-16.1398,36.13,22.0,-2.2408,43.752,24.0,,,0.0
POLISTENA,REGGIO CALABRIA,Calabria,34.25,-18.75,-7.2236,-0.7105,44.4362,410.0,6,88.17,-7.503,51.3461,141.0,-8.4087,41.3353,154.0,-5.2939,40.1165,115.0
FRATTAMAGGIORE,NAPOLI,Campania,37.25,-15.75,-9.473,-0.7999,45.1887,1246.0,20,88.02,-5.414,61.8435,532.0,-9.7841,33.965,570.0,-23.2378,28.0853,144.0
ARZANO,NAPOLI,Campania,44.25,-8.75,-14.1885,-1.306,44.1476,412.0,8,87.99,-8.3305,58.8047,239.0,-16.6435,28.0771,84.0,-27.6027,19.9553,89.0
STRONGOLI,CROTONE,Calabria,36.0,-17.0,-8.8366,-1.007,64.31,19.0,1,87.9,-8.8366,64.31,19.0,,,0.0,,,0.0
SAN GIOVANNI IN FIORE,COSENZA,Calabria,37.5,-15.5,-10.4562,-0.9098,46.9693,139.0,6,87.53,-2.8378,62.5959,75.0,-19.3839,28.6569,64.0,,,0.0
ACERRA,NAPOLI,Campania,28.25,-24.75,-4.3473,-0.497,58.0865,351.0,10,87.49,-6.2906,60.4268,284.0,-8.6982,31.962,16.0,7.8396,53.25,51.0
CERRETO SANNITA,BENEVENTO,Campania,44.5,-8.5,-15.3977,-1.2493,31.8585,85.0,4,87.36,-9.9305,60.82,8.0,-15.9657,28.8495,77.0,,,0.0
CARBONIA,SUD SARDEGNA,Sardegna,35.5,-17.5,-9.6004,-0.9117,46.3685,347.0,8,87.24,-6.4639,58.987,159.0,-18.0355,30.3999,86.0,-7.3775,40.1623,102.0
QUARTO,NAPOLI,Campania,38.5,-14.5,-11.7265,-1.0306,41.6555,324.0,9,87.16,-7.5058,62.9358,108.0,-14.4827,30.2183,170.0,-11.4499,33.9605,46.0
CROTONE,CROTONE,Calabria,37.75,-15.25,-11.4011,-0.9656,45.4006,885.0,14,87.06,-6.3571,60.9263,417.0,-13.4338,33.4379,336.0,-22.1611,26.8035,132.0
NOCERA INFERIORE,SALERNO,Campania,32.25,-20.75,-8.0,-0.723,44.181,1436.0,21,86.9,-7.0257,56.7195,502.0,-7.1345,38.4211,340.0,-9.3189,36.8813,594.0
TREBISACCE,COSENZA,Calabria,36.75,-16.25,-11.6719,-1.1706,44.5273,258.0,8,86.5,-9.0427,60.1659,107.0,-14.2386,32.9599,84.0,-12.6527,34.0544,67.0
TAORMINA,MESSINA,Sicilia,20.5,-32.5,-1.4058,-0.123,44.3859,113.0,3,86.16,,,0.0,-2.789,43.2037,74.0,1.2186,46.629,39.0
CASORIA,NAPOLI,Campania,35.75,-17.25,-11.7316,-1.1898,42.7461,540.0,12,86.06,-9.6461,53.4728,281.0,-14.3271,30.3517,109.0,-13.7524,31.658,150.0
ANGRI,SALERNO,Campania,30.5,-22.5,-8.6065,-0.8645,46.8981,578.0,11,85.84,-9.9998,60.4813,250.0,-10.978,32.1521,190.0,-2.8172,42.5932,138.0
TORTORA,COSENZA,Calabria,12.0,-41.0,3.7148,0.3012,44.375,11.0,2,85.83,,,0.0,3.7148,44.375,11.0,,,0.0
SAPRI,SALERNO,Campania,35.5,-17.5,-12.2812,-1.1892,43.2675,234.0,6,85.63,-15.2965,57.1279,73.0,-9.4911,37.9245,87.0,-12.5868,35.8761,74.0
CASTEL VOLTURNO,CASERTA,Campania,32.5,-20.5,-10.6571,-0.9034,36.3572,194.0,4,85.41,6.3553,73.01,18.0,-20.0022,20.658,15.0,-11.6884,33.722,161.0
OTTAVIANO,NAPOLI,Campania,27.25,-25.75,-7.3777,-0.6472,47.5223,367.0,7,85.27,-3.7905,64.4493,140.0,-5.2027,35.4575,11.0,-9.8135,37.1656,216.0
NETTUNO,ROMA,Lazio,32.0,-21.0,-11.4912,-1.0403,40.9912,315.0,9,84.71,-16.4564,48.3954,93.0,-6.9565,39.5963,200.0,-31.7255,22.373,22.0
TERZIGNO,NAPOLI,Campania,29.75,-23.25,-10.0281,-0.9427,38.6584,131.0,4,84.68,-7.7679,50.8149,51.0,-11.469,30.9087,80.0,,,0.0
ROSOLINI,SIRACUSA,Sicilia,27.75,-25.25,-8.7308,-0.8159,46.1102,123.0,5,84.66,-5.3478,62.5652,50.0,-10.6724,35.9393,29.0,-11.2954,34.115,44.0
IGLESIAS,SUD SARDEGNA,Sardegna,26.25,-26.75,-8.7206,-0.823,46.8236,275.0,12,84.07,-10.8299,52.8362,130.0,-8.0168,40.6735,89.0,-4.9424,42.64,56.0
LICATA,AGRIGENTO,Sicilia,27.25,-25.75,-9.4951,-0.6925,46.0075,329.0,11,84.0,-2.5197,63.7366,125.0,-10.7063,37.8297,123.0,-18.4203,31.066,81.0
ORTA NOVA,FOGGIA,Puglia,24.5,-28.5,-7.7452,-0.8222,44.4432,139.0,6,83.95,-9.0901,55.263,54.0,0.4993,41.1595,17.0,-8.7384,36.672,68.0
MONTEFORTE IRPINO,AVELLINO,Campania,16.5,-36.5,-2.5005,-0.1775,39.5523,32.0,2,83.9,,,0.0,-2.5005,39.5523,32.0,,,0.0
GIOIA TAURO,REGGIO CALABRIA,Calabria,30.0,-23.0,-12.0108,-0.9567,37.159,196.0,3,83.59,,,0.0,-12.0108,37.159,196.0,,,0.0
SAN BIAGIO DI CALLALTA,TREVISO,Veneto,44.0,-9.0,-21.7198,-1.6902,30.55,20.0,1,83.37,-21.7198,30.55,20.0,,,0.0,,,0.0
ROCCARAINOLA,NAPOLI,Campania,19.0,-34.0,-5.2287,-0.4278,38.3269,40.0,3,83.26,,,0.0,-8.7683,33.6744,25.0,0.6706,46.081,15.0
CASAL DI PRINCIPE,CASERTA,Campania,38.5,-14.5,-19.2889,-1.7679,27.8392,94.0,3,82.63,,,0.0,-19.1219,28.2107,84.0,-20.6914,24.719,10.0
SINISCOLA,NUORO,Sardegna,23.25,-29.75,-9.246,-1.0251,49.0126,136.0,6,82.55,-18.3366,54.81,63.0,-5.9977,39.4122,50.0,8.5926,54.003,23.0
PACHINO,SIRACUSA,Sicilia,26.5,-26.5,-11.8632,-1.2402,45.6889,192.0,6,82.28,-17.0667,51.158,104.0,-9.8426,34.531,40.0,-2.2729,43.1375,48.0
OPPIDO MAMERTINA,REGGIO CALABRIA,Calabria,32.25,-20.75,-16.6959,-1.3196,39.6347,75.0,3,81.68,-6.3009,66.0969,32.0,-24.4316,19.942,43.0,,,0.0
TEMPIO PAUSANIA,SASSARI,Sardegna,30.25,-22.75,-19.6177,-1.9531,34.8569,95.0,3,79.13,-22.9966,50.15,32.0,-17.9014,27.089,63.0,,,0.0
SAN GIUSEPPE VESUVIANO,NAPOLI,Campania,23.0,-30.0,-17.7022,-1.4921,29.5864,137.0,3,77.38,,,0.0,-14.8229,33.3249,94.0,-23.9964,21.414,43.0
CRISPANO,NAPOLI,Campania,18.25,-34.75,-14.9067,-1.2085,25.7535,27.0,2,77.16,,,0.0,-14.9067,25.7535,27.0,,,0.0
SAN MARZANO SUL SARNO,SALERNO,Campania,2.0,-51.0,-5.3074,-0.4572,40.103,17.0,1,76.42,,,0.0,,,0.0,-5.3074,40.103,17.0
SAN MARCO EVANGELISTA,CASERTA,Campania,5.25,-47.75,-9.3804,-0.7815,35.4252,24.0,2,75.27,,,0.0,-3.1236,41.25,14.0,-18.1399,27.2705,10.0
CALVIZZANO,NAPOLI,Campania,8.5,-44.5,-12.6401,-0.905,31.7335,30.0,1,74.62,,,0.0,-12.6401,31.7335,30.0,,,0.0
OZIERI,SASSARI,Sardegna,19.5,-33.5,-20.5829,-1.7729,24.8275,27.0,1,74.25,,,0.0,,,0.0,-20.5829,24.8275,27.0
SAVIANO,NAPOLI,Campania,24.25,-28.75,-23.9519,-2.1866,27.9091,119.0,5,74.13,-28.2308,32.3404,52.0,-19.4456,24.928,20.0,-21.1354,24.275,47.0
CORBARA,SALERNO,Campania,17.5,-35.5,-28.4818,-2.8884,31.9583,64.0,5,68.71,-42.2814,26.59,41.0,,,0.0,-3.8824,41.528,23.0
CASAPULLA,CASERTA,Campania,50.5,-2.5,,,,0.0,2,,,,0.0,,,0.0,,,0.0
POSSAGNO,TREVISO,Veneto,83.25,30.25,,,,0.0,5,,,,0.0,,,0.0,,,0.0
SAN VENDEMIANO,TREVISO,Veneto,35.25,-17.75,,,,0.0,2,,,,0.0,,,0.0,,,0.0
SASSANO,SALERNO,Campania,50.5,-2.5,,,,0.0,2,,,,0.0,,,0.0,,,0.0
TORRE PELLICE,TORINO,Piemonte,45.25,-7.75,,,,0.0,1,,,,0.0,,,0.0,,,0.0
